,Stammdaten Filialnetz,,,,,,,,,,,,,,,,,,,,,,,,,,,Allgemein,,,,,,,,,,,,,,,,,,Ausstattung,,,,,,,,Reifenservice,,,,,,,,,,,Autoservice,,,,,,,,,,,Autoglas,,,Mobiler Service,,,,Franchise,,,,,,,,,,,,,,,,,,,,,,,,,,,,,,,,,,,,,,,,,,,,,,,,B2B-Verzeichnis,,,
KST,Netz,BU,Status,Netzkennung,Gesellschaft,Straße,PLZ,Ort,Bundesland,Lat.,Long.,Tel. (Vor),Tel. (Ruf),Fax (Vor),Fax (Ruf),Mail,SCL,Tel. SCL,Region,RL,BL,VKL Heavy,VAD Heavy,KAM Heavy,KAM Light,Produktmanager ASEMIND,Focus ID,Öffnungszeiten,Payback,Digital Sales (Check 24 etc.),Repareo,"Virtuelle Bühne Online 
",Slow Mover,Slow Mover Heavy,Hol- und Bringservice,Werkstattersatzwagen,Kapazität Reifeneinlagerung,Freie Reifeneinlagerungsplätze,Kapazitäten Mastercare Vertrag,Kapazität im light Bereich (inkl. SMR),Meister / Altgeselle vorhanden,Fixico,Preisliste,"Repareo
Vorlauf","Repareo
Standort ID",Anzahl Hebebühnen,"Anzahl Hebebühnen > 3,5T",Einfahrthöhe LLKW-Bühne in Meter,Max. Anhebehöhe auf LLKW Bühne in Meter,Anzahl Parkplätze,Lademöglichkeit Elektro vorhanden (juice booser oder Ladesäule),Hof 24/7 zugänglich?,Platz im Schulungsraum ,PKW,LLKW,Wohnmobil,Krad ,LKW,AS,EM,IND,"Kalt-
reparatur","Heiß-
reparatur","Nach-
schneiden",Autoservice,"Hochvolt-
Schulung (höchstes Level angeben)","Hochvolt-
Ausstattung (Messgerät, Absperrmaterial, PSA Hochvolt)",Ma mit Klimasachkunde in der Filiale,"Klimaservice /
Kältemittel",Getriebespülgerät,"Achs-
vermessung",Kalibrierung DAS 3000 / Autel,Bremsenprüfstand,Tüv Prüfstützpunkt,AU-Eigen (AU durch Euromaster) ,Tausch und Reparatur,Austausch Autoglas durch Filiale möglich bzw. V2 bei Franchise,Koordinator,Anzahl Mobilfahrzeuge,Deutsche Post,LKW Vorortmontagen,Breakdown Service,E-Shop,TopM by ERM,CRM,Direktbezug PV (LKQ),Direktbezug WM,"Direktbezug
Michelin","Direktbezug
Goodyear","Direktbezug
Falken","Direktbezug
Pirelli","Direktbezug
Continental","Direktbezug
Nexen","Direktbezug
Kumho","Direktbezug
Vredestein","Direktbezug
Nokian","Direktbezug
Hankook","Direktbezug
Bohnenkamp",adBlue,Auspuff,Batterie,Bremsen,Öl-Service,Stoßdämpfer,UVV,Mastercheck,Service für 7T Fahrzeuge,"Hebebühne vorhanden
(LKW)","Rad- Reifen Service
(LKW)",Autoservice (LKW),"HU / AU
(LKW)","Autoglas
(LKW)","Hol- und Bring Service
(LKW)",W-LAN?,Kostenloser Kaffee?,Kostenlose Getränke?,Teilnahme            Bärenherz Spendenaktion,Teilnahme Sollog Kooperation?,"Betriebssystem?
IOS / Android",Facebook Account vorhanden?,Instagram Account vorhanden?,SDO (Uberall),Eigene Homepage,ERM Visualisiert,Masterstandard Verkauf,Masterstandard Werkstatt,Digitales Serviceheft,Kalibrierung Fahrerassistenzsysteme (FAS),Remote-Diagnose,Universale Diagnosegeräte,Reifenservice,Autoservice,EV / Hochvolt,Autoglas
D_137-01,02 - FRA,Mixed,geöffnet,,Gummi Berger Hans Berger GmbH & Co. KG.,Dieringhauser Straße 159,51645,Gummersbach,Nordrhein-Westfalen,"50,984041",7.517849,(02261),99040,(02261),990429,pb137-01@franchise.euromaster.com,Frank Meyer,,RL_07,"Franzen, Bernd","Blank, Michael",Mion,Legermann,Dünner,Mion,B. Vieregge / Th. Knop / V. Deselears,137K,08:00-17:00-Mittagspause keine-Samstag 8-12 Uhr,nein,ja,ja,nein,nein,nein,ja,ja, , ,ja,Keine Angabe,KFZ - Meister,ja,V_AW5,10,137-01,,,,,,ja,,0,ja,ja,ja,ja,ja,ja,ja,ja,,,,ja,Stufe 3,,,,,,,,ja,,ja,nein,Rene Keller,,ja,,ja,nein,ja,ja,ja,ja,ja,nein,nein,nein,nein,,nein,nein,nein,nein,,ja,ja,ja,ja,ja,ja,ja,ja,ja,nein,ja,nein,nein,ja,nein,ja,ja,ja,ja,ja,ios,ja,ja,ja,ja,ja,ja,ja,,,,,ja,ja,ja,ja
D_137-02,02 - FRA,Mixed,geöffnet,,Gummi Berger Hans Berger GmbH & Co. KG.,Melessen 5,51491,Overath-Obersteeg,Nordrhein-Westfalen,50.970588,7.260245,(02204),71051,(02204),73605,pb137-02@franchise.euromaster.com,Henning Schmiing,,RL_07,"Franzen, Bernd","Blank, Michael",Mion,Legermann,Dünner,Mion,B. Vieregge / Th. Knop / V. Deselears,137L,08:00-17:00-Mittagspause keine-Samstag 8-12 Uhr,nein,ja,ja,nein,nein,nein,ja,nein, , ,ja,5-8 Fahrzeuge pro Woche,KFZ - Meister,ja,V_AW5,10,137-02,,,,,,nein,,,ja,ja,ja,ja,ja,ja,ja,ja,,,,ja,Stufe 1,,,,,,,,ja,,ja,nein,Rene Keller,,ja,,ja,nein,ja,ja,ja,ja,ja,nein,nein,nein,ja,,nein,ja,nein,nein,,ja,ja,ja,ja,ja,ja,ja,ja,ja,nein,ja,nein,nein,ja,nein,ja,ja,ja,ja,ja,ios,ja,ja,ja,ja,ja,ja,ja,,,,,ja,ja,ja,ja
D_137-05,02 - FRA,Mixed,geöffnet,,Gummi Berger Hans Berger GmbH & Co. KG.,Marconistraße 19,50769,Köln-Chorweiler,Nordrhein-Westfalen,51.034146,6.927886,(0221),9701179,(0221),9701181,pb137-05@franchise.euromaster.com,Michael Gies,,RL_07,"Franzen, Bernd","Blank, Michael",Mion,Legermann,Dünner,Mion,B. Vieregge / Th. Knop / V. Deselears,137O,08:00-17:00-Mittagspause keine-Samstag 8-12 Uhr,nein,ja,ja,nein,nein,nein,ja,nein, , ,ja,5-8 Fahrzeuge pro Woche,KFZ - Meister,ja,V_AW5,10,137-05,,,,,,nein,,,ja,ja,ja,ja,ja,ja,ja,ja,,,,ja,Stufe 3,,,,,,,,ja,,ja,nein,Rene Keller,,ja,,ja,nein,ja,ja,ja,ja,ja,nein,nein,nein,ja,,nein,ja,nein,nein,,ja,ja,ja,ja,ja,ja,ja,ja,ja,nein,ja,nein,nein,ja,nein,ja,ja,ja,ja,ja,ios,ja,ja,ja,ja,ja,ja,ja,,,,,ja,ja,ja,ja
D_137-06,02 - FRA,Mixed,geöffnet,,Reifen Albrecht ZwNl. der Gummi Berger Hans Berger GmbH & Co. KG ,Lohdiecksweg 2a,59457,Werl,Nordrhein-Westfalen,51.567193,"7,915261",(02922),9114660,(02922),9114661,pb137-06@franchise.euromaster.com, ,,RL_07,"Franzen, Bernd","Blank, Michael",Mion,Pater,Dünner,Mion,B. Vieregge / Th. Knop / V. Deselears,137P,08:00-17:00-Mittagspause keine-Samstag 8-12 Uhr,nein,ja,ja,nein,nein,nein,ja,nein, , ,ja,5-8 Fahrzeuge pro Woche,KFZ - Meister,ja,V_AW3,10,137-06,,,,,,nein,,,ja,ja,ja,ja,ja,ja,ja,ja,,,,ja,Stufe 3,,,,,,,,ja,,ja,nein,Rene Keller,,ja,,ja,nein,ja,ja,ja,ja,ja,nein,nein,nein,ja,,nein,ja,nein,nein,,ja,ja,ja,ja,ja,ja,ja,ja,ja,nein,ja,nein,nein,ja,nein,ja,ja,ja,ja,ja,ios,ja,ja,ja,ja,ja,ja,ja,,,,,ja,ja,ja,ja
D_137-07,02 - FRA,Mixed,geöffnet,,BM Reifendienst ZwNl. der Gummi Berger Hans Berger GmbH & Co. KG,Industriestraße 6,51545,Waldbröl,Nordrhein-Westfalen,50.885619,7.639555,(02291),4071,(02291),80618,pb137-07@franchise.euromaster.com,Andre Gerwers,,RL_07,"Franzen, Bernd","Blank, Michael",Mion,Legermann,Dünner,Mion,B. Vieregge / Th. Knop / V. Deselears,137V,08:00-17:00-Mittagspause keine-Samstag 08:00 bis 12:00 Uhr,nein,ja,ja,nein,nein,nein,ja,nein, , ,ja,5-8 Fahrzeuge pro Woche,KFZ - Meister,ja,V_AW5,10,137-07,,,,,,nein,,,ja,ja,ja,ja,ja,ja,ja,ja,,,,ja,Stufe 2,,,,,,,,ja,,ja,nein,Rene Keller,,ja,,ja,nein,ja,ja,ja,ja,ja,nein,nein,nein,ja,,nein,ja,nein,nein,,ja,ja,ja,ja,ja,ja,ja,ja,nein,nein,nein,nein,nein,nein,nein,ja,ja,ja,ja,ja,ios,ja,ja,ja,ja,ja,ja,ja,,,,,ja,ja,ja,ja
D_137-08,02 - FRA,Mixed,geöffnet,,Gummi Berger Hans Berger GmbH & Co. KG.,An der Schloßfabrik 29,42499,Hückeswagen,Nordrhein-Westfalen,"51,138652",7.350496,(02192),2666,(02192),6864,pb137-08@franchise.euromaster.com,Luigi Salcuni,,RL_07,"Franzen, Bernd","Blank, Michael",Mion,Warzocha,Dünner,Mion,B. Vieregge / Th. Knop / V. Deselears,137Q,08:00-17:00-Mittagspause keine-Samstag 8-12 Uhr,nein,ja,ja,nein,nein,nein,ja,nein, , ,ja,5-8 Fahrzeuge pro Woche,KFZ - Meister,ja,V_AW4,10,137-08,,,,,,nein,,,ja,ja,ja,ja,ja,ja,ja,ja,,,,ja,Stufe 1,,,,,,,,ja,,ja,nein,Rene Keller,,ja,,ja,nein,ja,ja,ja,ja,ja,nein,nein,nein,ja,,nein,ja,nein,nein,,ja,ja,ja,ja,ja,ja,ja,ja,ja,nein,ja,nein,nein,ja,nein,ja,ja,ja,ja,ja,ios,ja,ja,ja,ja,ja,ja,ja,,,,,ja,ja,ja,ja
D_137-09,02 - FRA,Mixed,geöffnet,,Gummi Berger Hans Berger GmbH & Co. KG.,Stauweiher 7,51645,Gummersbach,Nordrhein-Westfalen,51.004967,7.609547,(02261),51925,(02261),53334,pb137-09@franchise.euromaster.com,Jan Vankerkom,,RL_07,"Franzen, Bernd","Blank, Michael",Mion,Legermann,Dünner,Mion,B. Vieregge / Th. Knop / V. Deselears,137R,08:00-17:00-Mittagspause keine-Samstag 8-12 Uhr,nein,ja,ja,nein,nein,nein,ja,nein, , ,ja,5-8 Fahrzeuge pro Woche,KFZ - Meister,ja,V_AW5,10,137-09,,,,,,nein,,,ja,ja,ja,ja,ja,ja,ja,ja,,,,ja,Stufe 2,,,,,,,,ja,,ja,nein,Rene Keller,,ja,,ja,nein,ja,ja,ja,ja,ja,nein,nein,nein,ja,,nein,ja,nein,nein,,ja,ja,ja,ja,ja,ja,ja,ja,ja,nein,ja,nein,nein,ja,nein,ja,ja,ja,ja,ja,ios,ja,ja,ja,ja,ja,ja,ja,,,,,ja,ja,ja,ja
D_137-10,02 - FRA,Mixed,geöffnet,,Gummi Berger Hans Berger GmbH & Co. KG.,Günsestraße 48,57462,Olpe,Nordrhein-Westfalen,"51,024872",7.854943,(02761),62298,(02761),6811,pb137-10@franchise.euromaster.com,Stefan Klever,,RL_07,"Franzen, Bernd","Blank, Michael",Mion,Bulut,Dünner,Mion,B. Vieregge / Th. Knop / V. Deselears,137S,08:00-17:00-Mittagspause keine-Samstag 8-12 Uhr,nein,ja,ja,nein,nein,nein,ja,nein, , ,ja,5-8 Fahrzeuge pro Woche,KFZ - Meister,ja,V_AW4,10,137-10,,,,,,nein,,,ja,ja,ja,ja,ja,ja,ja,ja,,,,ja,Stufe 2,,,,,,,,ja,,ja,nein,Rene Keller,,ja,,ja,nein,ja,ja,ja,ja,ja,nein,nein,nein,ja,,nein,ja,nein,nein,,ja,ja,ja,ja,ja,ja,ja,ja,ja,nein,ja,nein,nein,ja,nein,ja,ja,ja,ja,ja,ios,ja,ja,ja,ja,ja,ja,ja,ja,,,,ja,ja,ja,ja
D_137-12,02 - FRA,Mixed,geöffnet,,Reifen Albrecht ZwNl. der Gummi Berger Hans Berger GmbH & Co. KG ,Dieselstraße 2,59823,Arnsberg,Nordrhein-Westfalen,"51,414953",8.049149,(02931),6849,,,pb137-12@franchise.euromaster.com,Rolf Tuschmann,,RL_07,"Franzen, Bernd","Blank, Michael",Mion,Pater,Dünner,Mion,B. Vieregge / Th. Knop / V. Deselears,137U,08:00-17:00-Mittagspause keine-Samstag 8-12 Uhr,nein,ja,ja,nein,nein,nein,ja,nein, , ,ja,5-8 Fahrzeuge pro Woche,KFZ - Meister,ja,V_AW3,10,137-12,,,,,,nein,,,ja,ja,ja,ja,ja,ja,ja,ja,,,,ja,Stufe 2,,alle,alle,,3D,,,ja,,ja,nein,Rene Keller,,ja,,ja,nein,ja,ja,ja,ja,nein,nein,nein,nein,ja,,nein,ja,nein,nein,,ja,ja,ja,ja,ja,ja,ja,ja,ja,nein,ja,nein,nein,ja,nein,ja,ja,ja,ja,ja,ios,ja,ja,ja,ja,ja,ja,ja,ja,,,,ja,ja,ja,ja
D_156,02 - FRA,Heavy,geöffnet,,Werner Brüning GmbH,Lether Gewerbestraße 17,26197,Ahlhorn,Niedersachsen,52.898555,8.189664,(04435),96960,(04435),969621,pb156@franchise.euromaster.com,Horst Rolfes,,RL_02,"Nüßler, Martin","Blank, Michael",Schneider,Kemnitz,Steinmann,Reinekirchen,B. Vieregge / Th. Knop / V. Deselears,156A,08:00-17:00-Mittagspause 12:00-13:00-Samstag 07:30-13:00,nein,nein,nein,nein,nein,nein,nein,nein, , ,nein,Keine Angabe,,nein,V_AW3,10,156,,,,,,nein,,30,nein,nein,nein,nein,ja,nein,nein,nein,,,,nein,nein,,,nein,,nein,nein,nein,nein,nein,nein,nein,Jack van der Zon,,nein,,ja,nein,nein,nein,nein,nein,ja,ja,ja,ja,nein,,ja,ja,ja,ja,,nein,nein,nein,nein,nein,nein,nein,nein,ja,ja,ja,ja,ja,ja,ja,ja,ja,ja,nein,nein,ohne Tablet/Nutzung,nein,nein,ja,ja,ja,ja,ja,,,,,ja,nein,nein,nein
D_157,02 - FRA,Mixed,geöffnet,,Regina Stein Reifenhandel,Sonnenstraße 4-6,35329,Gemünden Felda,Hessen,50.684117,9.044824,(06634),8602,(06634),8600,pb157@franchise.euromaster.com,Regina Stein,,RL_05,"Seibel, Alexander","Blank, Michael",Mion,Bulut,Dünner,Mion,B. Vieregge / Th. Knop / V. Deselears,157A,08:00-18:00-Mittagspause 12:30 bis 14:00 Uhr,nein,nein,ja,nein,nein,nein,ja,Ja, , ,nein,0-4 Fahrzeuge pro Woche,KFZ - Meister,nein,V_AW3,10,157,,,,,,nein,,,ja,ja,ja,ja,ja,ja,ja,ja,,,,ja,Stufe 1,,,,,,,,ja,,ja,nein,Kai Bohrmann,,nein,ja,ja,nein,ja,nein,nein,ja,ja,ja,ja,ja,ja,,ja,ja,ja,ja,,ja,ja,ja,ja,ja,ja,ja,ja,ja,nein,ja,nein,nein,ja,nein,nein,ja,ja,ja,nein,ios,nein,nein,ja,Stümpel,ja,ja,ja,,,,,ja,ja,ja,ja
D_961-01,02 - FRA,Mixed,geöffnet,,Reifen Meyer GmbH,Lilienthalstraße 12-14,66740,Saarlouis,Saarland,49.310312,6.734912,(06831),949850,(06831),949853299,pb961-01@franchise.euromaster.com,Sonja Koch,,RL_11,"Kin, Nazaret","Erdmann, Ronny",Mion,Hackbarth,Dünner,Mion,B. Vieregge / Th. Knop / V. Deselears,961A,08:00-17:00-Mittagspause 12:00 bis 13:00 Uhr-Samstag 08:00 bis 12:00 Uhr,nein,nein,ja,nein,nein,nein,ja,Ja, , ,nein,0-4 Fahrzeuge pro Woche,KFZ - Meister,nein,V_AW4,10,961A,4,0,3,,,nein,,6,ja,ja,ja,ja,ja,ja,ja,ja,ja,ja,ja,ja,Stufe 1,nein,,alle,nein,3D,ja,Rollenprüfstand,ja,nein,ja,nein,Kai Bohrmann,,nein,,ja,nein,ja,nein,nein,nein,ja,ja,ja,ja,ja,,ja,ja,ja,nein,,ja,ja,ja,ja,ja,ja,ja,ja,ja,ja,ja,nein,ja,ja,ja,ja,ja,ja,nein,nein,ios,ja,ja,nein,ja,ja,nein,nein,ja,,,,ja,nein,nein,ja
D_163,02 - FRA,Light,geöffnet,,Hopp & Paulsen Reifen- und Autoservice GmbH,Landkirchener Weg 53,23769,Burg Auf Fehmarn,Schleswig-Holstein,54.442807,11.182621,(04371),4074,(04371),87011,pb163@franchise.euromaster.com,"Jan-Peter Hopp, Ralf Paulsen",,RL_01,"Witt, Ronald","Blank, Michael",Schneider,Uterhardt,Steinmann,Reinekirchen,B. Vieregge / Th. Knop / V. Deselears,163A,08:00-17:00-Mittagspause 12:00-13:00-Samstag geschlossen,nein,nein,nein,nein,nein,nein,nein,nein, , ,nein,Keine Angabe,,nein,V_AW3,10,163,,,,,,nein,,,ja,ja,ja,ja,nein,nein,nein,nein,,,,nein,Stufe 1,,,,,,,,ja,,ja,nein,Jack van der Zon,,ja,nein,ja,nein,ja,nein,ja,ja,ja,ja,ja,nein,nein,,ja,ja,ja,nein,,ja,ja,ja,ja,ja,ja,nein,nein,nein,nein,ja,nein,nein,nein,nein,ja,ja,nein,ja,nein,ohne Tablet/Nutzung,ja,nein,nein,nein,ja,ja,ja,,,,,ja,nein,ja,ja
D_171-01,02 - FRA,Mixed,geöffnet,,WW Logistk GmbH,Dieselstraße 1-3,56422,Wirges,Rheinland-Pfalz,50.467863,7.807141,(02602),1061780,(02602),1061789,pb171-01@franchise.euromaster.com,Yavuz Koca,,RL_09,"Bornkessel, Daniel","Erdmann, Ronny",Mion,Hackbarth,Dünner,Mion,B. Vieregge / Th. Knop / V. Deselears,171A,08:00-17:00-Mittagspause keine-Samstag 08:00 bis 12:00 Uhr,nein,nein,ja,nein,nein,nein,ja,Nein, , ,nein,0-4 Fahrzeuge pro Woche,,ja,V_AW4,10,171-01,,,,,,ja,,,ja,ja,ja,ja,ja,ja,ja,ja,,,,ja,Stufe 1,,,,,,,,ja,,ja,nein,Rene Keller,,nein,,ja,nein,ja,nein,nein,ja,nein,nein,ja,nein,nein,,ja,nein,ja,ja,,ja,ja,ja,ja,ja,ja,ja,ja,ja,nein,ja,nein,nein,ja,nein,ja,ja,nein,nein,nein,ios,nein,nein,nein,ja,ja,nein,nein,,,,,ja,ja,ja,ja
D_171-02,02 - FRA,Mixed,geöffnet,,WW Logistk GmbH,Jahnstraße 5a,56470,Bad Marienberg,Rheinland-Pfalz,50.656734,7.956978,(02661),981820,(02661),9818229,pb171-02@franchise.euromaster.com,Agim Adili,,RL_09,"Bornkessel, Daniel","Erdmann, Ronny",Mion,Hackbarth,Dünner,Mion,B. Vieregge / Th. Knop / V. Deselears,171B,08:00-17:00-Mittagspause keine-Samstag 08:00 bis 12:00 Uhr,nein,nein,ja,nein,nein,nein,ja,Nein, , ,nein,0-4 Fahrzeuge pro Woche,,ja,V_AW4,10,171-02,,,,,,nein,,,ja,ja,ja,ja,ja,ja,ja,ja,,,,ja,Stufe 1,,,,,,,,ja,,ja,nein,Rene Keller,,ja,ja,ja,nein,ja,nein,nein,ja,nein,ja,ja,nein,nein,,ja,nein,ja,ja,,ja,ja,ja,ja,ja,ja,ja,ja,ja,nein,ja,nein,nein,ja,nein,ja,ja,nein,ja,nein,android,nein,nein,nein,ja,ja,nein,nein,,,,,ja,ja,ja,ja
D_173,02 - FRA,Light,geöffnet,,Autozentrum Niesky GmbH,Am Bahnhof 5,02906,Niesky,Sachsen,51.298689,14.828737,(03588),258558,(03588),258459,pb173@franchise.euromaster.com,Armin Menzel,,RL_03,"Abram, Marcus","Blank, Michael",Schneider,Scola,Woydelko,Woydelko,B. Vieregge / Th. Knop / V. Deselears,173A,08:00-17:00-Mittagspause 12.45 Uhr-13.15 Uhr-Samstag 08:00 bis 12:00 Uhr,ja,nein,ja,nein,nein,nein,ja,ja, , ,nein,0-4 Fahrzeuge pro Woche,KFZ - Meister,nein,V_AW2,10,173,0,1,3,,,nein,,6,ja,ja,ja,ja,ja,ja,nein,nein,ja,nein,nein,ja,Stufe 2,ja,,134a,nein,2D,ja,Rollenprüfstand,ja,ja,ja,nein,Manuel Müller,,ja,nein,ja,ja,ja,nein,ja,ja,ja,ja,ja,ja,ja,,ja,ja,ja,ja,,ja,ja,ja,ja,ja,ja,ja,ja,ja,ja,ja,ja,ja,ja,ja,ja,ja,nein,nein,ja,ios,nein,nein,ja,Dexter,ja,nein,nein,ja,,,,ja,ja,ja,ja
D_175,02 - FRA,Light,geöffnet,,Autohaus Mühlenhort GmbH,Rüggower Weg 6,23970,Kritzow,Mecklenburg-Vorpommern,53.889642,11.535947,(03841),220227,(0911),3084494944,pb175@franchise.euromaster.com,Matthias Neumann,,RL_03,"Abram, Marcus","Blank, Michael",Schneider,Uterhardt,Steinmann,Reinekirchen,B. Vieregge / Th. Knop / V. Deselears,175A,08:00-17:00-Mittagspause 12:00-13:00-Samstag 08:00-12:00,nein,nein,ja,nein,nein,nein,ja,nein, , ,nein,Keine Angabe,,ja,V_AW4,10,175,3,,,,,ja,,5,ja,ja,ja,nein,nein,nein,nein,nein,,,nein,ja,Stufe 1,,,,,,,,ja,,ja,nein,Manuel Müller,,ja,nein,ja,ja,nein,nein,nein,ja,ja,ja,ja,ja,nein,,ja,ja,ja,nein,,ja,ja,ja,ja,ja,ja,ja,nein,nein,nein,nein,nein,nein,nein,nein,ja,ja,nein,nein,ja,android,ja,nein,nein,Stümpel,ja,nein,nein,,,,,ja,ja,ja,ja
D_177,02 - FRA,Light,geöffnet,,Dehnbostel KG,Celler Str. 169,29614,Soltau,Niedersachsen,"52,964621","9,856963",(05191),928180,,,pb177@franchise.euromaster.com,Jens Dehnbostel,,RL_02,"Nüßler, Martin","Blank, Michael",Schneider,Kemnitz,Steinmann,Reinekirchen,B. Vieregge / Th. Knop / V. Deselears,177B,07:45-17:00-Mittagspause 13.00-14.00-Samstag geschlossen,nein,nein,ja,nein,nein,nein,ja,ja, , ,nein,Keine Angabe,,ja,V_AW4,10,177,5,1,,,,ja,,10,ja,ja,ja,ja,nein,nein,nein,nein,,,,ja,Stufe 3,,,,,,,,ja,,ja,nein,Jack van der Zon,,nein,nein,nein,ja,nein,nein,nein,ja,ja,nein,ja,ja,nein,,ja,ja,ja,ja,,ja,ja,ja,ja,ja,ja,ja,ja,ja,ja,ja,nein,ja,ja,ja,ja,ja,ja,nein,ja,android,ja,ja,nein,nein,nein,ja,ja,,,,,ja,ja,ja,ja
D_179,02 - FRA,Light,geöffnet,,Pneumaster GmbH,Daimlerstraße 10,71636,Ludwigsburg,Baden-Württemberg,48.889592,9.171579,(07141),460533,(07141),460558,pb179@franchise.euromaster.com,Zeljko Takac,,RL_12,"Willmann, Sascha","Erdmann, Ronny",Mion,Burger,Seiler,Morina,M.Windisch / Th. Knop / V. Deselears,179A,09:00-18:00-Mittagspause 12:30 - 13:30-Samstag 09:00 - 13:00 Uhr,ja,ja,ja,ja,nein,nein,ja,ja,2000,20,nein,Keine Angabe,KFZ - Meister,ja,V_AW4,10,179,,,,,,nein,,6,ja,ja,ja,ja,nein,nein,nein,nein,,,,ja,Stufe 3,,,,,,,,ja,,ja,nein,Kai Bohrmann,,nein,nein,nein,ja,ja,ja,nein,ja,ja,ja,ja,ja,ja,,ja,ja,ja,ja,,ja,ja,ja,ja,ja,ja,ja,ja,nein,nein,nein,nein,nein,nein,nein,ja,ja,ja,nein,ja,android,Grundmann,Grundmann,ja,Dexter,ja,ja,ja,ja,,,,ja,ja,ja,ja
D_189,02 - FRA,Light,geöffnet,,Autohaus Gierten GmbH,Schneiderstr. 16,40764,Langenfeld,Nordrhein-Westfalen,50.922189,6.956742,(02173),90630,(04421),5070810,pb189@franchise.euromaster.com,Michael Esser,,RL_08,"Girzycki, Damian","Erdmann, Ronny",Mion,Warzocha,Dünner,Mion,B. Vieregge / Th. Knop / V. Deselears,189A,07:00-18:30-Mittagspause keine-Samstag 8-14,nein,nein,nein,nein,nein,nein,ja,ja, , ,nein,Keine Angabe,,nein,V_AW4,10,189,,,,,,ja,,10,ja,ja,ja,nein,nein,nein,nein,nein,,,nein,ja,Stufe 2,,,,,,,,ja,,ja,nein,Rene Keller,,nein,nein,nein,nein,nein,nein,ja,ja,ja,ja,ja,ja,nein,,ja,ja,ja,ja,,ja,ja,ja,ja,ja,ja,ja,ja,nein,,,,,,ja,nein,ja,ja,nein,ja,,ja,ja,ja,ja,ja,nein,nein,,,,,ja,ja,ja,ja
D_216,02 - FRA,Light,geöffnet,,KFZ Technik Zentrum Lage,Triftenstr. 74,32791,Lage,Nordrhein-Westfalen,51.990768,8.811828,(05232),3213,(05232),18348,pb216@franchise.euromaster.com,Süleyman Dönmez,,RL_04,"Bernsmeier, Olaf","Blank, Michael",Mion,Otte,Steinmann,Reinekirchen,B. Vieregge / Th. Knop / V. Deselears,216A,08:00-17:00-Mittagspause 12:00-13:00-Samstag geschlossen,nein,ja,ja,nein,nein,nein,ja,nein, , ,nein,Keine Angabe,,ja,V_AW4,10,216,,,,,,ja,,,ja,ja,ja,ja,nein,nein,nein,nein,,,,ja,Stufe 1,,,,,,,,ja,,ja,nein,Manuel Müller,,ja,nein,ja,ja,ja,ja,ja,ja,ja,ja,ja,ja,nein,,ja,ja,nein,ja,,ja,ja,ja,ja,ja,ja,ja,ja,nein,nein,nein,nein,nein,nein,nein,ja,ja,ja,nein,ja,android,ja,nein,ja,Stümpel,ja,ja,ja,ja,,,,ja,ja,ja,ja
D_221,02 - FRA,Light,geöffnet,,SB Reifenservice Sergej Burduzan,Rodenbecker Str. 60,32427,Minden,Nordrhein-Westfalen,"52,286081",8.900476,(0571),82945300,(0571),82945301,pb221@franchise.euromaster.com,Sergej Burduzan,,RL_04,"Bernsmeier, Olaf","Blank, Michael",Mion,Otte,Steinmann,Reinekirchen,B. Vieregge / Th. Knop / V. Deselears,221A,08:00-18:00-Mittagspause 12:00-13:00-Samstag 08:00-14:00,nein,ja,ja,nein,nein,nein,ja,ja, ,100,nein,>8 Fahrzeuge pro Woche,KFZ - Meister,nein,V_AW4,10,221,1,2,3,,,ja,ja,,ja,ja,ja,ja,ja,nein,nein,nein,ja,nein,nein,ja,Stufe 3,ja,alle,alle,nein,3D,ja,Rollenprüfstand,ja,nein,ja,ja,Jack van der Zon,,ja,ja,ja,ja,nein,nein,ja,ja,ja,nein,ja,ja,nein,,ja,ja,ja,ja,,ja,ja,ja,ja,ja,ja,ja,ja,nein,nein,nein,nein,nein,nein,nein,ja,nein,nein,ja,ja,ios,nein,nein,ja,Dexter,ja,ja,ja,,,,,ja,ja,ja,ja
D_223,02 - FRA,Mixed,geöffnet,,Auto-Kompetenz-Center Dreisbach e.K.,Wisbyring 10,59494,Soest,Nordrhein-Westfalen,51.564439,8.099246,(02921),36130,(02921),361322,pb223@franchise.euromaster.com,Christian Dreisbach,,RL_04,"Bernsmeier, Olaf","Blank, Michael",Mion,Pater,Dünner,Mion,B. Vieregge / Th. Knop / V. Deselears,223A,08:00-17:00-Mittagspause keine-Samstag geschlossen,ja,nein,ja,nein,nein,nein,ja,ja, , ,nein,5-8 Fahrzeuge pro Woche,KFZ - Meister,ja,V_AW3,10,223,,,,,,nein,,,ja,ja,ja,ja,ja,ja,ja,ja,,,,ja,Stufe 2,,,,,,,,ja,,ja,nein,Rene Keller,,ja,ja,ja,nein,ja,ja,ja,ja,ja,ja,ja,ja,ja,,ja,ja,ja,ja,,ja,ja,ja,ja,ja,ja,ja,ja,ja,nein,ja,nein,nein,ja,nein,ja,nein,nein,ja,ja,ios,ja,ja,ja,ja,ja,ja,ja,ja,,,,ja,ja,ja,ja
D_224,02 - FRA,Mixed,geöffnet,,LCM Lausitzer Container & Metall GmbH,Gewerbestraße 6a,01983,Großräschen,Brandenburg,51.578418,14.031013,(035753),26130,(035753),261357,pb224@franchise.euromaster.com,Doreen Hamann,,RL_03,"Abram, Marcus","Blank, Michael",Schneider,Scola,Woydelko,Woydelko,B. Vieregge / Th. Knop / V. Deselears,224A,08:00-17:00-Mittagspause keine-Samstag gschlossen,nein,nein,ja,nein,nein,nein,ja,ja, , ,nein,0-4 Fahrzeuge pro Woche,nein,nein,V_AW2,10,224,1,1,3,,,nein,,6,ja,ja,ja,ja,nein,nein,nein,nein,ja,nein,nein,nein,Stufe 1,ja,,134a,nein,nein,nein,nein,nein,nein,ja,nein,Manuel Müller,,nein,nein,nein,ja,nein,nein,nein,ja,ja,nein,ja,ja,nein,,ja,ja,ja,nein,,nein,nein,nein,nein,nein,nein,nein,nein,ja,ja,ja,nein,nein,ja,ja,ja,ja,nein,nein,ja,ios,ja,nein,ja,ja,ja,ja,ja,,,,,ja,nein,ja,ja
D_227,02 - FRA,Light,geöffnet,,Reifen+Autoservice Oliver Howe,Friedrich-Wöhler-Straße 47,24536,Neumünster,Schleswig-Holstein,"54,102362",9.984644,(04321),51091,(04321),54100,pb227@franchise.euromaster.com,Oliver Howe,,RL_01,"Witt, Ronald","Blank, Michael",Schneider,Uterhardt,Steinmann,Reinekirchen,B. Vieregge / Th. Knop / V. Deselears,227A,08:00-17:00-Mittagspause 12:00-13:00,ja,ja,ja,nein,nein,nein,ja,nein,ja,ja,nein,Keine Angabe,,nein,V_AW4,10,227,3,,,,,ja,,,ja,ja,ja,ja,nein,nein,nein,nein,ja,,nein,nein,Stufe 1,,,,,2D,,,ja,,ja,nein,Jack van der Zon,,ja,nein,ja,ja,ja,ja,ja,ja,ja,ja,ja,ja,nein,,ja,ja,ja,nein,,ja,ja,ja,ja,ja,ja,ja,ja,nein,nein,ja,nein,nein,nein,nein,ja,ja,ja,ja,ja,android,ja,nein,ja,ja,ja,ja,ja,ja,,,,ja,nein,ja,ja
D_229,02 - FRA,Mixed,geöffnet,,SRT Schreiber,Bei den Froschäckern 2,99098,Erfurt,Thüringen,50.978158,11.124844,(0361),26290735,(0361),26290737,pb229@franchise.euromaster.com,Dirk Schreiber,,RL_05,"Seibel, Alexander","Blank, Michael",Schneider,Hundeshagen,Woydelko,Woydelko,B. Vieregge / Th. Knop / V. Deselears,229A,08:00-17:00-Mittagspause keine-Samstag 8-12 Uhr,ja,nein,ja,nein,nein,nein,nein,nein, , ,nein,0-4 Fahrzeuge pro Woche,KFZ - Meister,ja,V_AW3,10,229,2,2,,,,nein,,,ja,ja,ja,nein,ja,ja,ja,ja,,,,ja,nein,nein,,134a,nein,2D,,Rollenprüfstand,ja,nein,ja,nein,Manuel Müller,,nein,ja,ja,ja,ja,nein,nein,ja,nein,ja,ja,ja,nein,,ja,ja,nein,ja,,ja,ja,ja,ja,ja,ja,ja,nein,ja,ja,ja,ja,ja,ja,ja,nein,ja,ja,ja,ja,android,nein,nein,nein,nein,ja,nein,nein,,,,,ja,ja,nein,ja
D_230,02 - FRA,Mixed,geöffnet,,Reifenservice Quirmbach eK,Gewerbestr. 19,66482,Zweibrücken,Rheinland-Pfalz,49.254999,7.384254,(06332),18608,(06332),906587,pb230@franchise.euromaster.com,Martin Quirmbach,,RL_11,"Kin, Nazaret","Erdmann, Ronny",Mion,Hackbarth,Dünner,Mion,B. Vieregge / Th. Knop / V. Deselears,230A,"08:00-17:00-Mittagspause 12:00-13:00, Samstag 08:00-12:00",nein,nein,ja,nein,nein,nein,nein,nein, , ,nein,0-4 Fahrzeuge pro Woche,,nein,V_AW4,10,230,,,,,,nein,,,ja,ja,ja,ja,ja,ja,ja,ja,,,,nein,Stufe 1,,,nein,,,,,nein,,ja,nein,Kai Bohrmann,,nein,ja,ja,nein,nein,nein,nein,ja,ja,nein,ja,ja,nein,,ja,ja,ja,ja,,ja,ja,ja,ja,ja,ja,nein,nein,ja,nein,ja,nein,nein,ja,nein,nein,nein,nein,nein,ja,android,nein,nein,nein,nein,ja,nein,nein,,,,,ja,nein,ja,ja
D_232,02 - FRA,Light,geöffnet,,Auto-Bottke GmbH,Braunschweiger Tor 6-7,38350,Helmstedt,Niedersachsen,52.229385,"10,999212",(05351),58810,(05351),5881 88,pb232@franchise.euromaster.com,Christian Bottke,,RL_06,"Duvigneau, Stephan","Blank, Michael",Schneider,Kemnitz,Steinmann,Reinekirchen,B. Vieregge / Th. Knop / V. Deselears,232A,08:00-17:00-Mittagspause keine-Samstag 9.00 Uhr-12.00 Uhr,nein,ja,ja,nein,nein,nein,ja,ja, , ,nein,0-4 Fahrzeuge pro Woche,KFZ - Meister,ja,V_AW2,10,232,3,0,3,,,ja,,12,ja,ja,ja,ja,nein,nein,nein,nein,ja,nein,nein,ja,Stufe 3,ja,alle,alle,ja,2D,nein,Plattenprüfstand,ja,ja,ja,nein,Jack van der Zon,,ja,nein,ja,ja,nein,nein,ja,ja,ja,ja,ja,ja,nein,,ja,ja,ja,ja,,ja,ja,ja,ja,ja,ja,ja,ja,nein,nein,nein,nein,nein,nein,nein,nein,ja,nein,ja,ja,ios,ja,nein,ja,Stümpel,ja,ja,ja,ja,,,,ja,ja,ja,ja
D_682,02 - FRA,Light,geöffnet,,AutoServiceZentrum Germania GmbH,Jahnstr. 54,73037,Göppingen,Baden-Württemberg,"48,698461","9,653427",(07161),69031,(07161),14742,pb682@franchise.euromaster.com,Samir Shatri,,RL_13,"Ehrlinger, Steffen","Erdmann, Ronny",Schneider,Hampel,Seiler,Morina,M.Windisch / Th. Knop / V. Deselears,682A,08:00-17:00-Mittagspause 12:00 - 13:00 Uhr-Samstag geschlossen,ja,nein,ja,nein,nein,nein,ja,nein, , ,nein,Keine Angabe,,ja,V_AW4,10,682,,,,,,nein,,,ja,ja,ja,ja,nein,nein,nein,nein,,,,ja,Stufe 1,,,,,,,,ja,,nein,nein,,,ja,nein,nein,ja,,ja,nein,ja,ja,ja,ja,,ja,ja,ja,,ja,ja,,ja,ja,ja,ja,ja,ja,ja,ja,nein,nein,nein,nein,nein,nein,nein,ja,ja,ja,nein,ja,ios,ja,ja,ja,nein,ja,nein,nein,,,,,ja,ja,ja,nein
D_269,02 - FRA,Light,geöffnet,,Fahrzeug-Service-Heuzeroth,Rosenstr. 6,63579,Freigericht,Hessen,50.148198,9.111509,(06055),8820596,,,pb269@franchise.euromaster.com,Christian Heuzeroth,,RL_10,"Teige, Eric","Erdmann, Ronny",Mion,Bulut,Dünner,Mion,B. Vieregge / Th. Knop / V. Deselears,269A,08:30-18:00-Mittagspause 12:30-14.00 Uhr-Samstag geschlossen,nein,ja,ja,nein,nein,nein,ja,nein, , ,nein,0-4 Fahrzeuge pro Woche,KFZ - Meister,ja,V_AW6,10,269,,,,,,nein,,,ja,ja,ja,nein,nein,nein,nein,nein,,nein,nein,ja,Stufe 3,,,,,,,,ja,,ja,nein,Kai Bohrmann,,ja,nein,nein,ja,nein,nein,nein,ja,ja,ja,ja,ja,nein,,ja,ja,ja,nein,,ja,ja,ja,ja,ja,ja,ja,ja,nein,nein,nein,nein,nein,nein,nein,nein,ja,nein,nein,nein,android,ja,ja,ja,ja,ja,nein,nein,,,,,ja,ja,ja,ja
D_276,02 - FRA,Light,geöffnet,,Auto-Seeger GmbH,Königsbergerstraße 1,64354,Reinheim,Hessen,"49,820361",8.830106,(06162),3381,(06162),6381,pb276@franchise.euromaster.com,Alexander Seeger,,RL_10,"Teige, Eric","Erdmann, Ronny",Mion,Bulut,Dünner,Mion,B. Vieregge / Th. Knop / V. Deselears,276A,07:00-17:00-Mittagspause keine-,nein,nein,ja,nein,nein,nein,ja,nein,ja, ,nein,0-4 Fahrzeuge pro Woche,KFZ - Meister,nein,V_AW6,10,276,,,,,,nein,,,ja,ja,ja,nein,nein,nein,nein,nein,,,nein,ja,Stufe 2,,,,,,,,ja,,nein,nein,,,nein,nein,nein,ja,nein,nein,nein,ja,nein,ja,ja,ja,nein,,ja,ja,ja,nein,,ja,ja,ja,ja,ja,ja,ja,ja,nein,nein,nein,nein,nein,nein,nein,nein,ja,nein,ja,nein,ios,ja,ja,nein,ja,ja,nein,nein,ja,,,,ja,ja,ja,nein
D_278,02 - FRA,Light,geöffnet,,R.S.B. Meisterwerkstatt,Segeberger Str. 16,23863,Kayhude,Schleswig-Holstein,53.751531,"10,127462",(040),83983474,(040),98269430,pb278@franchise.euromaster.com,,,RL_01,"Witt, Ronald","Blank, Michael",Schneider,Uterhardt,Steinmann,Reinekirchen,B. Vieregge / Th. Knop / V. Deselears,278A,08:00-17:00-Mittagspause 12:00-13:00- Freitags von 08:00 bis 16:00  Mittagspause 12:00-13:00 von Samstag geschlossen,nein,nein,ja,nein,nein,nein,ja,nein,ja,ja,nein,0-4 Fahrzeuge pro Woche,KFZ - Meister,ja,V_AW4,10,278,,,,,,ja,ja,12,ja,ja,ja,nein,nein,nein,nein,nein,,nein,nein,ja,Stufe 1,,,,,,,,ja,nein,ja,nein,Jack van der Zon,,ja,nein,nein,nein,nein,nein,nein,ja,ja,ja,ja,ja,nein,,ja,ja,ja,nein,,ja,ja,ja,ja,ja,ja,ja,nein,nein,nein,nein,nein,nein,nein,nein,ja,nein,nein,nein,ja,android,ja,ja,ja,ja,ja,ja,ja,ja,,,ja,ja,ja,ja,ja
D_292,02 - FRA,Light,geöffnet,,Auto Minor e.K.,Im Längeln 5,56357,Miehlen,Rheinland-Pfalz,50.214616,7.844935,(06772),1633,(06772),2774,pb292@franchise.euromaster.com,Rudolf Minor,,RL_09,"Bornkessel, Daniel","Erdmann, Ronny",Mion,Hackbarth,Dünner,Mion,B. Vieregge / Th. Knop / V. Deselears,292A,"08:00-17:00 Mittagspause 12:00-13:00, Samstag 08:00-12:00",nein,nein,ja,nein,nein,nein,ja,ja, , ,nein,0-4 Fahrzeuge pro Woche,,ja,V_AW4,10,292,,,,,,nein,,,ja,ja,ja,nein,nein,nein,nein,nein,,,nein,ja,Stufe 2,,,,,,,,ja,,nein,nein,Kai Bohrmann,,ja,nein,nein,nein,nein,nein,nein,ja,ja,nein,ja,ja,nein,,ja,ja,ja,ja,,ja,ja,ja,ja,ja,ja,ja,ja,nein,ja,ja,nein,ja,ja,nein,ja,ja,nein,nein,nein,android,ja,ja,nein,ja,ja,nein,nein,,,,,ja,ja,ja,nein
D_296-01,02 - FRA,Light,geöffnet,,Autohaus Katz KG,Pforzheimerstr.17,76227,Karlsruhe,Baden-Württemberg,"49,003285","8,466888",(0721),403058,(0721),403106,pb296-01@franchise.euromaster.com,Fritz Katz,,RL_11,"Kin, Nazaret","Erdmann, Ronny",Mion,Mis,Seiler,Morina,M.Windisch / Th. Knop / V. Deselears,296A,07:00-18:00-Mittagspause keine-Samstag geschlossen,ja,ja,ja,nein,nein,nein,ja,ja, , ,nein,Keine Angabe,,ja,V_AW3,10,296A,,,,,,ja,,,ja,ja,ja,ja,nein,nein,nein,nein,,,nein,ja,Stufe 3,,,,,,,,ja,,ja,ja,Kai Bohrmann,,ja,,ja,ja,ja,nein,nein,ja,ja,ja,ja,ja,nein,,ja,ja,ja,ja,,ja,ja,ja,ja,ja,ja,ja,ja,ja,nein,ja,nein,nein,ja,nein,,,,ja,ja,ios,ja,ja,ja,Dexter,ja,nein,nein,,,,,ja,ja,ja,ja
D_302,02 - FRA,Light,geöffnet,,CarPaint GmbH,Max von Laue Weg 7b,38448,Wolfsburg,Niedersachsen,52.424309,10.866893,(05363),8107910,(05363),8107912,pb302@franchise.euromaster.com,Jens Pesel,,RL_06,"Duvigneau, Stephan","Blank, Michael",Schneider,Kemnitz,Steinmann,Reinekirchen,B. Vieregge / Th. Knop / V. Deselears,302A,07:30-17:00-Mittagspause keine-Samstag geschlossen,nein,ja,ja,nein,nein,nein,ja,ja, , ,nein,0-4 Fahrzeuge pro Woche,KFZ - Meister,ja,V_AW2,10,302,5,3,,,,ja,,,ja,ja,ja,nein,nein,nein,nein,nein,nein,nein,nein,ja,Stufe 2,ja,,alle,ja,3D,ja,Rollenprüfstand,ja,ja,ja,nein,Jack van der Zon,,ja,nein,nein,ja,nein,nein,ja,ja,ja,ja,ja,ja,ja,,ja,ja,ja,ja,,ja,ja,ja,ja,ja,ja,ja,ja,nein,nein,nein,nein,nein,nein,nein,ja,ja,ja,nein,ja,ios,ja,ja,ja,ja,ja,nein,nein,ja,,,,ja,ja,ja,ja
D_393,02 - FRA,Light,geöffnet,,Autofit Farge GmbH,Claus von Lübken Str. 19,28777,Bremen,Bremen,"53,204692","8,533179",(0421),9884045,(0421),9884046,pb393@franchise.euromaster.com,Dennis Beller ,,RL_02,"Nüßler, Martin","Blank, Michael",Mion,Hedemann,Steinmann,Reinekirchen,B. Vieregge / Th. Knop / V. Deselears,393A,08:00-18:00-Mittagspause 12:00_13:00 uhr-Samstag 10:00-13:00,nein,nein,ja,nein,nein,nein,ja,nein, , ,nein,Keine Angabe,,ja,V_AW4,10,393,,,,,,nein,,,ja,nein,ja,nein,nein,nein,nein,nein,,,nein,ja,Stufe 2,,,,,,,,ja,,ja,nein,Jack van der Zon,,nein,nein,nein,ja,nein,nein,ja,ja,ja,nein,ja,ja,nein,,ja,ja,ja,ja,,ja,ja,ja,ja,ja,ja,ja,ja,ja,ja,ja,ja,ja,ja,ja,ja,ja,nein,nein,ja,android,ja,nein,ja,ja,ja,nein,nein,,,,,ja,ja,ja,ja
D_397-01,02 - FRA,Light,geöffnet,,Heinemann Gruppe GmbH,Otto-von-Guericke-Str. 2c,38855,Wernigerode,Sachsen-Anhalt,51.848472,10.813128,(03943),553110,(03943),553229,pb397-01@franchise.euromaster.com,Steffi Heinemann,,RL_06,"Duvigneau, Stephan","Blank, Michael",Schneider,Kemnitz,Steinmann,Reinekirchen,B. Vieregge / Th. Knop / V. Deselears,397A,07:30-18:00-Mittagspause keine-Samstag 09:00-13:00,nein,ja,ja,nein,nein,nein,ja,ja, , ,nein,0-4 Fahrzeuge pro Woche,KFZ - Meister,ja,V_AW2,10,397A,,,3,,,ja,,5,ja,ja,ja,nein,nein,nein,nein,nein,ja,nein,nein,ja,Stufe 3,ja,,alle,nein,2D,nein,Rollenprüfstand,ja,nein,ja,nein,Manuel Müller,,nein,nein,nein,ja,nein,nein,ja,ja,nein,ja,ja,ja,nein,,ja,ja,nein,nein,,ja,ja,ja,ja,ja,ja,ja,ja,nein,nein,nein,nein,nein,nein,nein,ja,ja,ja,nein,ja,android,ja,ja,nein,ja,ja,nein,nein,,,,,ja,ja,ja,ja
D_397-02,02 - FRA,Light,geöffnet,,Heinemann Gruppe GmbH,Gesellensteig 39,38229,Salzgitter,Niedersachsen,52.166713,10.357659,(05341),888110,(05341),888140,pb397-02@franchise.euromaster.com,Marc Heinemann,,RL_06,"Duvigneau, Stephan","Blank, Michael",Schneider,Kemnitz,Steinmann,Reinekirchen,B. Vieregge / Th. Knop / V. Deselears,397B,07:30-18:00-Mittagspause keine-Samstag 09:00-13:00,nein,ja,ja,nein,nein,nein,ja,ja, , ,nein,0-4 Fahrzeuge pro Woche,KFZ - Meister,ja,V_AW2,10,397B,,,3,,,ja,,5,ja,ja,ja,nein,nein,nein,nein,nein,ja,nein,nein,ja,Stufe 3,ja,,alle,nein,2D,nein,Rollenprüfstand,ja,nein,ja,nein,Manuel Müller,,nein,nein,nein,ja,nein,nein,ja,ja,ja,ja,ja,ja,nein,,ja,ja,nein,nein,,ja,ja,ja,ja,ja,ja,ja,ja,nein,nein,nein,nein,nein,nein,nein,ja,ja,ja,nein,ja,android,ja,ja,nein,Dexter,ja,nein,nein,,,,,ja,ja,ja,ja
D_445,02 - FRA,Light,geöffnet,,Autoservice Valder UG,Rastenweg 7,53489,Sinzig,Rheinland-Pfalz,50.545475,7.267092,(02642),994096,(02642),994098,pb445@franchise.euromaster.com,Peter Valder,,RL_09,"Bornkessel, Daniel","Erdmann, Ronny",Mion,Legermann,Dünner,Mion,B. Vieregge / Th. Knop / V. Deselears,445A,07:45-17:00-Mittagspause 12:00 - 13:00-Samstag 8:00 - 12:00,nein,nein,ja,nein,nein,nein,ja,nein, , ,nein,Keine Angabe,,ja,V_AW4,10,445,,,,,,nein,,0,ja,ja,ja,ja,nein,nein,nein,nein,,,nein,ja,nein,,,,,,,,ja,,ja,nein,Rene Keller,,nein,nein,nein,nein,nein,nein,nein,ja,,,,,,,,,,,,ja,ja,ja,ja,ja,ja,ja,ja,nein,ja,ja,nein,ja,ja,ja,ja,ja,ja,nein,ja,android,nein,nein,nein,ja,ja,nein,nein,,,,,ja,ja,nein,ja
D_489,02 - FRA,Light,geöffnet,,Auto Schulte GmbH,Lankumer Ring 12-14,49661,Cloppenburg,Niedersachsen,"52,839508","8,065912",(04471),9170,(04471),917172,pb489@franchise.euromaster.com,Simon Haring,,RL_02,"Nüßler, Martin","Blank, Michael",Schneider,Hedemann,Steinmann,Reinekirchen,B. Vieregge / Th. Knop / V. Deselears,489A,07:45-17:00-Mittagspause 12:00-13:00-Samstag 8:00-12:00,nein,nein,ja,nein,nein,nein,ja,ja, , ,nein,Keine Angabe,KFZ - Meister,ja,V_AW3,10,489,4,3,4,2,12,ja,ja,0,ja,nein,nein,nein,nein,nein,nein,nein,ja,nein,nein,ja,nein,nein,alle,alle,nein,nein,nein,Rollenprüfstand,ja,ja,ja,nein,Jack van der Zon,0,nein,nein,nein,nein,nein,nein,ja,ja,,,,,,,,,,,,ja,ja,ja,ja,ja,ja,ja,ja,nein,nein,nein,nein,nein,nein,nein,nein,ja,ja,nein,ja,android,ja,ja,nein,ja,nein,nein,nein,,,,,ja,ja,nein,ja
D_613,02 - FRA,Light,geöffnet,,Karosseriebau Heinz GmbH & Co. KG,Schulweg 40,26532,Großheide,Niedersachsen,"53,566645","7,355024",(04936),990791,(04936),990793,pb613@franchise.euromaster.com,Otto Heinz,,RL_02,"Nüßler, Martin","Blank, Michael",Schneider,Kemnitz,Steinmann,Reinekirchen,B. Vieregge / Th. Knop / V. Deselears,613A,08:00-17:00-Mittagspause 13:00-14:00-Samstag geschlossen,nein,nein,ja,nein,nein,nein,ja,ja, , ,nein,Keine Angabe,,ja,V_AW3,10,613,,,,,,ja,,,ja,ja,ja,nein,nein,nein,nein,nein,,,,ja,Stufe 2,,,,,,,,ja,,ja,nein,Jack van der Zon,,ja,nein,nein,ja,nein,nein,nein,ja,ja,ja,ja,ja,nein,,ja,ja,nein,ja,,ja,ja,ja,ja,ja,ja,ja,ja,ja,nein,nein,nein,nein,nein,nein,ja,ja,ja,nein,ja,ohne Tablet/Nutzung,ja,nein,ja,ja,ja,nein,nein,,,,,ja,ja,ja,ja
D_677,02 - FRA,Light,geöffnet,,JT Garage GmbH,Sankt-Florian -Str. 8,55252,Mainz-Kastel,Hessen,50.023261,8.271074,(0156),78653419,,,pb677@franchise.euromaster.com,Florian Haug,,RL_10,"Teige, Eric","Erdmann, Ronny",Mion,Hackbarth,Dünner,Mion,B. Vieregge / Th. Knop / V. Deselears,677A,09:00-17:00-Mittagspause keine,nein,nein,nein,nein,nein,nein,ja,nein, , ,nein,0-4 Fahrzeuge pro Woche,KFZ - Meister,nein,V_AW6,10,677,3,0,3,,,nein,,,ja,ja,ja,nein,nein,nein,nein,nein,ja,nein,nein,ja,Stufe 2,nein,,nein,nein,3D,nein,nein,ja,ja,ja,nein,Kai Bohrmann,,nein,nein,nein,nein,nein,nein,nein,ja,ja,nein,ja,ja,nein,,ja,ja,nein,nein,,ja,ja,ja,ja,ja,ja,ja,ja,nein,ja,ja,nein,ja,ja,ja,ja,ja,nein,nein,nein,android,nein,nein,ja,ja,ja,nein,nein,,,,,ja,ja,ja,ja
D_678,02 - FRA,Light,geöffnet,,Autohaus Nothhelfer GmbH & Co.KG,Balinger Str. 125,78628,Rottweil,Baden-Württemberg,48.179156,8.632901,(0741),53560,(0741),535656,pb678@franchise.euromaster.com,Peter Fischer-Nothhelfer,,RL_14,"Vogler, Daniel","Erdmann, Ronny",Schneider,Hampel,Seiler,Morina,M.Windisch / Th. Knop / V. Deselears,678A,07:30-18:00-Mittagspause keine-Samstag 09:00 bis 12:00,nein,nein,ja,nein,nein,nein,ja,ja, , ,nein,0-4 Fahrzeuge pro Woche,,ja,V_AW4,10,678,,,,,,ja,,,ja,ja,ja,nein,nein,nein,nein,nein,,,nein,ja,Stufe 2,,,,,,,,ja,,ja,nein,Kai Bohrmann,,nein,nein,nein,nein,nein,nein,nein,ja,ja,ja,ja,ja,nein,ja,ja,ja,ja,ja,,ja,ja,ja,ja,ja,ja,ja,ja,ja,ja,ja,ja,ja,ja,ja,ja,ja,nein,nein,ja,android,ja,ja,ja,ja,ja,nein,nein,,,,,ja,ja,ja,ja
D_683,02 - FRA,Light,geöffnet,,Friebe-Autoteile-Fachmarkt,Emil-Mechau-Str. 2,38723,Seesen,Niedersachsen,51.879411,10.155814,(05381),3151,(05381),3152,pb683@franchise.euromaster.com,Andreas Frank,,RL_06,"Duvigneau, Stephan","Blank, Michael",Schneider,Kemnitz,Steinmann,Reinekirchen,B. Vieregge / Th. Knop / V. Deselears,683A,08:00-17:30-Mittagspause keine-Samstag geschlossen,nein,ja,ja,nein,nein,nein,ja,ja, , ,nein,0-4 Fahrzeuge pro Woche,KFZ - Meister,ja,V_AW2,10,683,5,1,3,,,ja,,,ja,ja,ja,nein,nein,nein,nein,nein,ja,nein,nein,ja,Stufe 1,nein,,alle,nein,2D,nein,Rollenprüfstand,ja,nein,ja,nein,Manuel Müller,,nein,nein,nein,ja,nein,nein,nein,ja,,,,,,,,,,,,ja,ja,ja,ja,ja,ja,ja,ja,nein,nein,nein,nein,ja,ja,ja,ja,ja,ja,nein,ja,ios,ja,nein,nein,ja,ja,nein,nein,,,,,ja,ja,ja,ja
D_716,02 - FRA,Light,geöffnet,,Autohaus Steinke GmbH,Am Bahnhof 6,59823,Arnsberg,Nordrhein-Westfalen,51.393012,8.133726,(02937),6496,(02937),2535,pb716@franchise.euromaster.com,Marcel Grote,,RL_07,"Franzen, Bernd","Blank, Michael",Mion,Pater,Dünner,Mion,B. Vieregge / Th. Knop / V. Deselears,716A,8-18-Mittagspause keine-Samstag 9-12 Uhr,nein,ja,ja,nein,nein,nein,ja,ja, , ,nein,Keine Angabe,KFZ - Meister,ja,V_AW3,10,716,3,1,3,,,ja,,,ja,ja,ja,nein,nein,nein,nein,nein,ja,nein,nein,ja,Stufe 2,ja,alle,alle,ja,3D,nein,Rollenprüfstand,ja,ja,ja,ja,Rene Keller,,nein,nein,nein,ja,nein,nein,ja,ja,ja,nein,ja,ja,nein,,ja,nein,ja,nein,,ja,ja,ja,ja,ja,ja,ja,ja,nein,ja,ja,nein,ja,ja,ja,ja,ja,ja,ja,ja,android,nein,nein,ja,ja,ja,nein,nein,,,,,ja,ja,ja,ja
D_726,02 - FRA,Light,geöffnet,,AMS Reese GmbH,Carl-Zeiss-Str.6,97424,Schweinfurt,Bayern,50.036434,10.233893,(09721),77310,,,pb726-01@franchise.euromaster.com,Robert Erhard,,RL_05,"Seibel, Alexander","Blank, Michael",Schneider,N.N.,Seiler,Morina,M.Windisch / Th. Knop / V. Deselears,726A,08:00-19:00-Mittagspause keine-Samstag 09:00-17:00,ja,ja,ja,nein,nein,nein,ja,ja, , ,nein,0-4 Fahrzeuge pro Woche,KFZ - Meister,ja,V_AW3,10,726,4,1,,,,ja,,10,ja,ja,ja,ja,nein,nein,nein,nein,,,,ja,Stufe 3,ja,,alle,ja,3D,,Rollenprüfstand,ja,nein,ja,ja,Manuel Müller,,nein,nein,ja,ja,ja,ja,nein,ja,ja,ja,ja,nein,ja,,ja,nein,ja,ja,,ja,ja,ja,ja,ja,ja,ja,ja,nein,nein,nein,nein,nein,nein,nein,ja,ja,ja,nein,ja,android,ja,ja,ja,ja,ja,nein,nein,,,,,ja,ja,ja,ja
D_729,02 - FRA,Light,geöffnet,,Autoservice Weiß,Gerolsteinertraße 47,54570,Pelm,Rheinland-Pfalz,50.224535,6.677895,(06591),608,(06591),8364,pb729@franchise.euromaster.com,,,RL_09,"Bornkessel, Daniel","Erdmann, Ronny",Mion,Legermann,Dünner,Mion,B. Vieregge / Th. Knop / V. Deselears,729A,Mo-Do 08:00-17:00 -Freitag 08:00-12:00,nein,ja,ja,nein,nein,nein,ja,nein, , ,nein,0-4 Fahrzeuge pro Woche,KFZ - Meister,ja,V_AW4,10,729,4,1,5,,,nein,,0,ja,ja,ja,nein,nein,nein,nein,nein,ja,nein,nein,ja,Stufe 1,nein,,alle,nein,2D,nein,Rollenprüfstand,ja,nein,ja,nein,Rene Keller,,nein,nein,nein,nein,nein,nein,nein,ja,,,,,,,,,,,,ja,ja,ja,ja,ja,ja,ja,ja,nein,ja,ja,nein,ja,ja,ja,nein,ja,nein,nein,ja,android,ja,nein,ja,ja,ja,nein,nein,ja,,,,ja,ja,ja,ja
D_741,02 - FRA,Light,geöffnet,,Auto Fuchs,Dr.-Pfannenstiel-Str. 4,93128,Regenstauf,Bayern,49.110454,12.123917,(09402),780280,(09402),780069,pb741@franchise.euromaster.com,Schulze Steven,,RL_15,"Schleger, Michael","Erdmann, Ronny",Schneider,Geier,Seiler,Morina,M.Windisch / Th. Knop / V. Deselears,741A,Mo.-Do. 08:00-12:15 & 13:00 - 17:30 / Fr. 08:00-13:00 Samstag: Geschlossen ,nein,nein,ja,nein,nein,nein,ja,ja, , ,nein,Keine Angabe,KFZ - Meister,ja,V_AW3,10,741,,,,,,ja,,,ja,ja,ja,ja,nein,nein,nein,nein,nein,nein,nein,ja,Stufe 3,ja,alle,alle,ja,3D,ja,Rollenprüfstand,ja,ja,ja,nein,Manuel Müller,,ja,nein,nein,nein,nein,nein,nein,ja,,,,,,,,,,,,ja,ja,ja,ja,ja,ja,ja,ja,nein,ja,ja,nein,ja,ja,ja,ja,ja,nein,nein,nein,android,ja,ja,ja,ja,nein,nein,nein,ja,,,,ja,ja,ja,ja
D_750,02 - FRA,Light,geöffnet,,Frahnow GmbH,Limberger Str. 2,03044,Cottbus,Brandenburg,51.780638,14.318812,(0355),2901320,(0355),29013299,pb750@franchise.euromaster.com,Oliver Otto,,RL_03,"Abram, Marcus","Blank, Michael",Schneider,Kloy,Woydelko,Woydelko,B. Vieregge / Th. Knop / V. Deselears,750A,07:00-18:00-Mittagspause keine-Samstag 08:00:-13:00 Uhr,nein,nein,nein,nein,nein,nein,ja,ja, , ,nein,0-4 Fahrzeuge pro Woche,KFZ - Meister,nein,V_AW4,10,750,4,2,3,,,ja,,,ja,ja,ja,nein,nein,nein,nein,nein,ja,ja,nein,ja,Stufe 3,ja,,alle,nein,3D,nein,Rollenprüfstand,ja,ja,ja,nein,Manuel Müller,,nein,nein,nein,ja,nein,nein,nein,nein,ja,nein,ja,ja,nein,,ja,ja,ja,ja,,ja,ja,ja,ja,ja,ja,ja,ja,nein,nein,nein,nein,nein,nein,nein,ja,ja,ja,nein,ja,android,ja,ja,nein,ja,ja,nein,nein,,,,,ja,ja,ja,ja
D_761,02 - FRA,Light,geöffnet,,Automobile Zeitz GmbH,Stephanstraße 44,06712,Zeitz,Sachsen-Anhalt,51.049388,12.125932,(03441),219928,,,pb761@franchise.euromaster.com,,,RL_05,"Seibel, Alexander","Blank, Michael",Schneider,Scola,Woydelko,Woydelko,B. Vieregge / Th. Knop / V. Deselears,761A,08:00-17:00-Mittagspause keine-Samstag geschlossen,nein,nein,ja,nein,nein,nein,ja,ja, , ,nein,0-4 Fahrzeuge pro Woche,KFZ - Meister,ja,V_AW3,10,761A,0,2,3,,,nein,,,ja,ja,ja,ja,nein,nein,nein,nein,ja,nein,nein,ja,Stufe 2,ja,,alle,nein,2D,nein,Rollenprüfstand,ja,nein,ja,nein,Manuel Müller,,nein,nein,ja,ja,nein,nein,nein,ja,ja,ja,ja,ja,nein,,ja,ja,ja,nein,,ja,ja,ja,ja,ja,ja,ja,ja,nein,nein,nein,nein,nein,nein,nein,ja,ja,ja,nein,ja,android,ja,ja,ja,Dexter,ja,nein,nein,,,,,ja,ja,ja,ja
D_764,02 - FRA,Light,geöffnet,,GGR Performance,Laugnastraße 52,86637,Wertingen,Bayern,"48,549981","10,685972",(08272),9999-0,,,pb764@franchise.euromaster.com,,,RL_13,"Ehrlinger, Steffen","Erdmann, Ronny",Schneider,N.N.,Seiler,Morina,M.Windisch / Th. Knop / V. Deselears,764A,06 - 20 + Sa. 09 - 16-Mittagspause keine-Samstag 09:00 - 16:00 Uhr,nein,nein,ja,nein,nein,nein,ja,ja, , ,nein,0-4 Fahrzeuge pro Woche,KFZ - Meister,nein,V_AW5,10,764,5,0,,,,ja,,0,ja,ja,ja,ja,nein,nein,nein,nein,ja,nein,nein,ja,Stufe 2,nein,,alle,ja,3D,ja,Rollenprüfstand,ja,ja,nein,nein,,,nein,nein,nein,ja,nein,nein,nein,nein,ja,nein,ja,ja,nein,,ja,ja,ja,nein,,ja,ja,ja,ja,ja,ja,ja,ja,nein,nein,nein,nein,nein,ja,nein,nein,ja,nein,nein,ja,ios,ja,ja,ja,ja,ja,nein,nein,,,,,ja,ja,ja,nein
D_775-01,02 - FRA,Light,geöffnet,,Autohaus Sorg GmbH,Lorcherstr. 38,73547,Lorch,Baden-Württemberg,48.790565,9.643771,(07172),926440,,,pb775-01@franchise.euromaster.com,Tobias Sorg,,RL_13,"Ehrlinger, Steffen","Erdmann, Ronny",Schneider,Hampel,Seiler,Morina,M.Windisch / Th. Knop / V. Deselears,775A,07:30-18:00-Mittagspause keine-Samstag geschlossen,nein,nein,ja,nein,nein,nein,ja,ja, , ,nein,0-4 Fahrzeuge pro Woche,KFZ - Meister,ja,V_AW4,10,775A,2,0,4,,,ja,,10,ja,ja,ja,nein,nein,nein,nein,nein,ja,nein,nein,ja,Stufe 2,ja,,alle,nein,3D,nein,Rollenprüfstand,ja,ja,ja,nein,Kai Bohrmann,,nein,nein,ja,nein,nein,nein,nein,ja,ja,ja,ja,ja,nein,,ja,ja,ja,nein,,ja,ja,ja,ja,ja,ja,ja,ja,nein,ja,ja,nein,ja,ja,ja,ja,ja,ja,ja,nein,android,ja,ja,nein,ja,ja,nein,nein,,,,,ja,ja,ja,ja
D_775-02,02 - FRA,Light,geöffnet,,Autohaus Sorg GmbH,Lorcherstr. 38,73525,Schwäbisch-Gmünd,Baden-Württemberg,48.798925,9.766157,(07171),9098280,,,pb775-02@franchise.euromaster.com,Markus Sorg,,RL_13,"Ehrlinger, Steffen","Erdmann, Ronny",Schneider,Hampel,Seiler,Morina,M.Windisch / Th. Knop / V. Deselears,775B,07:30-18:00-Mittagspause keine-Samstag 09:00-13:00,nein,nein,ja,nein,nein,nein,ja,ja, , ,nein,0-4 Fahrzeuge pro Woche,KFZ - Meister,ja,V_AW4,10,775B,1,0,4,,,ja,,10,ja,ja,ja,nein,nein,nein,nein,nein,ja,nein,nein,ja,Stufe 2,ja,,alle,nein,3D,nein,Rollenprüfstand,ja,ja,ja,nein,Kai Bohrmann,,nein,nein,ja,nein,nein,nein,nein,ja,ja,ja,ja,ja,nein,,ja,ja,ja,ja,,ja,ja,ja,ja,ja,ja,ja,ja,nein,ja,ja,nein,ja,ja,ja,ja,ja,ja,ja,nein,android,ja,ja,nein,ja,ja,nein,nein,,,,,ja,ja,ja,ja
D_777,02 - FRA,Light,geöffnet,,Autoservice Güstrow GmbH,Wolfskrögen 5,18273,Güstrow,Mecklenburg-Vorpommern,"53,812965","12,189887",(03843),216161,(03843),216162,pb777@franchise.euromaster.com,Reik Hett,,RL_03,"Abram, Marcus","Blank, Michael",Schneider,Pahnke,Woydelko,Woydelko,B. Vieregge / Th. Knop / V. Deselears,777A,08:00-17:00-Mittagspause keine-Samstag geschlossen,nein,nein,ja,nein,nein,nein,ja,ja, , ,nein,0-4 Fahrzeuge pro Woche,KFZ - Meister,ja,V_AW4,10,777A,2,1,3,,,ja,,,ja,ja,ja,ja,nein,nein,nein,nein,ja,nein,nein,ja,Stufe 1,ja,,alle,ja,2D,nein,Rollenprüfstand,ja,nein,ja,nein,Manuel Müller,,nein,nein,ja,ja,nein,nein,nein,ja,nein,ja,ja,ja,nein,,ja,ja,ja,ja,,ja,ja,ja,ja,ja,ja,ja,ja,nein,nein,nein,nein,nein,nein,nein,ja,ja,nein,nein,ja,ios,ja,ja,ja,ja,ja,nein,nein,ja,,,,ja,ja,ja,ja
D_866,02 - FRA,Mixed,geöffnet,,Hammes Reifen- und Autoservice e. K.,August-Horch-Straße 2,56759,Kaisersesch,Rheinland-Pfalz,50.233919,7.152051,(02653),3538,(02653),6414,pb866@franchise.euromaster.com,Otmar Hammes,,RL_09,"Bornkessel, Daniel","Erdmann, Ronny",Mion,Hackbarth,Dünner,Mion,B. Vieregge / Th. Knop / V. Deselears,866A,08:00-17:00-Mittagspause 12:00-13:00,ja,nein,ja,nein,nein,nein,ja,Nein, , ,nein,0-4 Fahrzeuge pro Woche,,ja,V_AW4,10,866,,,,,,ja,,,ja,ja,ja,ja,ja,ja,ja,ja,,,,ja,Stufe 2,,,,,3D,,,ja,,ja,nein,Rene Keller,,ja,,ja,nein,ja,nein,ja,ja,ja,ja,ja,ja,ja,,ja,ja,ja,ja,,ja,ja,ja,ja,ja,ja,ja,ja,ja,nein,ja,nein,nein,ja,ja,ja,ja,nein,ja,ja,android,ja,ja,ja,Dexter,ja,ja,ja,ja,,,,ja,ja,ja,ja
D_867,02 - FRA,Light,geöffnet,,Waldmüller Reifen und Autoservice GmbH & Co.KG,Bajuwarenstr. 1,85095,Denkendorf,Bayern,48.933615,11.466531,(08466),905331,(08466),905332,pb867@franchise.euromaster.com,"Florian Waldmüller, Thomas Waldmülle",,RL_15,"Schleger, Michael","Erdmann, Ronny",Schneider,N.N.,Seiler,Morina,M.Windisch / Th. Knop / V. Deselears,867A,08:00-18:00-Mittagspause 12:00-13:00 Uhr-Samstag 09:00 - 13:00 Uhr,nein,nein,ja,nein,nein,nein,nein,nein, , ,nein,Keine Angabe,KFZ - Meister,nein,V_AW4,10,867,,,,,,nein,,,ja,ja,ja,ja,nein,ja,nein,nein,,,,nein,Stufe 2,,,,,,,,ja,,ja,nein,Manuel Müller,,ja,,ja,nein,ja,nein,nein,ja,ja,ja,ja,ja,ja,,ja,ja,nein,ja,,ja,ja,ja,ja,ja,ja,ja,ja,nein,nein,nein,nein,nein,nein,nein,nein,nein,nein,ja,ja,android,ja,ja,ja,Dexter,ja,nein,nein,ja,,,,ja,nein,ja,ja
D_874-01,02 - FRA,Mixed,geöffnet,,Reifen Kotinsky GmbH & Co. KG,Alte Andernacher Straße,56637,Plaidt,Rheinland-Pfalz,50.398574,7.393974,(02632),95430,(02632),954318,pb874-01@franchise.euromaster.com,Otwin Jäger,,RL_09,"Bornkessel, Daniel","Erdmann, Ronny",Mion,Hackbarth,Dünner,Mion,B. Vieregge / Th. Knop / V. Deselears,874A,08:00-17:00-Mittagspause 12:00 bis 13:00 Uhr,ja,nein,ja,nein,nein,nein,nein,nein, , ,nein,0-4 Fahrzeuge pro Woche,KFZ - Meister,nein,V_AW4,10,874-01,3,1,4,,,nein,,,ja,ja,ja,ja,ja,ja,ja,ja,ja,ja,ja,ja,Stufe 1,nein,,nein,nein,2D,nein,Plattenprüfstand,ja,nein,ja,nein,Rene Keller,,nein,,nein,nein,ja,nein,nein,ja,ja,ja,ja,ja,nein,,ja,ja,ja,ja,,nein,nein,ja,nein,nein,nein,nein,nein,ja,nein,ja,nein,nein,ja,nein,nein,ja,nein,nein,nein,ios,nein,ja,ja,Stümpel,ja,nein,nein,,,,,ja,ja,ja,ja
D_874-02,02 - FRA,Mixed,geöffnet,,Reifen Kotinsky GmbH & Co. KG,Füllscheuer 9-11,56626,Andernach,Rheinland-Pfalz,50.432704,7.414621,(02632),4762229,(02632),46354,pb874-02@franchise.euromaster.com,Christoph Kotinsky ,,RL_09,"Bornkessel, Daniel","Erdmann, Ronny",Mion,Hackbarth,Dünner,Mion,B. Vieregge / Th. Knop / V. Deselears,874B,"07:30-12:00 Mittagspause 13:00-17:00 Mo-Do, 07:30-12:00 Mitagspause 12:30-14:00 Fr",ja,nein,ja,nein,nein,nein,ja,ja, , ,nein,0-4 Fahrzeuge pro Woche,,ja,V_AW4,10,874-02,,,,,,nein,,,ja,ja,ja,ja,ja,ja,ja,ja,ja,ja,ja,ja,Stufe 1,,,,,,,,ja,,ja,nein,Rene Keller,,ja,,ja,nein,ja,nein,nein,ja,ja,ja,ja,ja,ja,,ja,ja,ja,ja,,ja,ja,ja,ja,ja,ja,ja,ja,ja,nein,ja,nein,nein,ja,nein,ja,ja,ja,nein,nein,ios,nein,ja,ja,Stümpel,ja,ja,ja,,,,,ja,ja,ja,ja
D_874-03,02 - FRA,Light,geöffnet,,Reifen Kotinsky GmbH & Co. KG,Im Rosenacker 13,56338,Braubach,Rheinland-Pfalz,50.284349,7.630884,(02627),971450,(02627),9714515,pb874-03@franchise.euromaster.com,"Oliver Kotinsky, Nicolai Kotinsky",,RL_09,"Bornkessel, Daniel","Erdmann, Ronny",Mion,Hackbarth,Dünner,Mion,B. Vieregge / Th. Knop / V. Deselears,874C,08:00-17:00-Mittagspause 12:00 bis 13:00 Uhr,ja,nein,ja,nein,nein,nein,nein,nein, , ,nein,Keine Kapazität,,nein,V_AW4,10,874-03,,,,,,nein,,,ja,ja,ja,ja,ja,ja,ja,ja,ja,ja,ja,ja,Stufe 2,,,,,,,,ja,,nein,nein,,,nein,,ja,nein,ja,nein,nein,ja,ja,ja,ja,ja,ja,,ja,ja,ja,ja,,ja,ja,ja,ja,ja,ja,ja,nein,ja,nein,ja,nein,nein,ja,nein,nein,ja,nein,nein,nein,ios,nein,ja,ja,Stümpel,ja,nein,nein,,,,,ja,ja,ja,nein
D_874-04,02 - FRA,Mixed,geöffnet,,Reifen Kotinsky GmbH & Co. KG,Von-Kuhl-Straße 5-7,56070,Koblenz,Rheinland-Pfalz,50.378769,7.579169,(0261),889320,(0261),8893222,pb874-04@franchise.euromaster.com,Robert Hilgert,,RL_09,"Bornkessel, Daniel","Erdmann, Ronny",Mion,Hackbarth,Dünner,Mion,B. Vieregge / Th. Knop / V. Deselears,8744,08:00-17:00-Mittagspause 12:00 bis 13:00 Uhr,ja,nein,ja,nein,nein,nein,ja,ja, , ,nein,0-4 Fahrzeuge pro Woche,,ja,V_AW6,10,874-04,,,,,,nein,,,ja,ja,ja,ja,ja,ja,ja,ja,ja,ja,ja,ja,Stufe 1,,,,,,,,ja,,ja,nein,Rene Keller,,ja,,nein,nein,ja,nein,nein,ja,ja,ja,ja,ja,ja,,ja,ja,ja,ja,,ja,ja,ja,ja,ja,ja,ja,ja,ja,nein,ja,nein,nein,ja,nein,ja,ja,nein,nein,nein,ios,nein,ja,ja,Stümpel,ja,ja,ja,,,,,ja,ja,ja,ja
D_875,02 - FRA,Mixed,geöffnet,,Autocenter Enders GmbH,Gewerbepark 1,84577,Tüßling,Bayern,48.213552,"12,58966",(08633),5074530,(08633),5074535,pb875@franchise.euromaster.com,Martin Enders,,RL_15,"Schleger, Michael","Erdmann, Ronny",Schneider,Geier,Seiler,Morina,M.Windisch / Th. Knop / V. Deselears,875A,08:00-17:00-Mittagspause 12:00 - 13:00 Uhr-Samstag geschlossen,nein,nein,ja,nein,nein,nein,ja,ja, , ,nein,0-4 Fahrzeuge pro Woche,KFZ - Meister,ja,V_AW3,10,875,4,1,4.5,,,ja,,8,ja,ja,ja,ja,ja,nein,nein,nein,ja,nein,nein,ja,Stufe 2,ja,,alle,ja,3D,ja,Rollenprüfstand,ja,nein,ja,ja,Kai Bohrmann,,ja,ja,ja,ja,nein,nein,nein,ja,ja,ja,ja,ja,ja,,ja,ja,ja,nein,,ja,ja,ja,ja,ja,ja,ja,ja,ja,nein,ja,nein,ja,ja,ja,ja,ja,ja,ja,ja,ios,Grundmann,Grundmann,ja,Dexter,ja,nein,nein,ja,,,,ja,ja,ja,ja
D_879,02 - FRA,Light,geöffnet,,Reifen & Offroad Center Bremen,Bergfeldstr.4,28279,Bremen,Bremen,53.048038,8.843947,(0421),533536,(0421),8789281,pb879@franchise.euromaster.com,Michael Freytag,,RL_02,"Nüßler, Martin","Blank, Michael",Mion,Hedemann,Steinmann,Reinekirchen,B. Vieregge / Th. Knop / V. Deselears,879A,07:30-18:00-Mittagspause keine-Samstag geschlossen,nein,nein,ja,nein,nein,nein,ja,nein, , ,nein,0-4 Fahrzeuge pro Woche,KFZ - Meister,ja,V_AW4,10,879A,3,2,4,,,ja,,,ja,ja,ja,nein,nein,nein,nein,nein,ja,nein,nein,ja,Stufe 2,ja,,alle,nein,2D,nein,Rollenprüfstand,ja,ja,ja,nein,Jack van der Zon,,ja,nein,nein,ja,nein,nein,ja,ja,ja,ja,ja,ja,nein,,ja,ja,ja,ja,,ja,ja,ja,ja,ja,ja,ja,ja,nein,nein,nein,nein,nein,nein,nein,ja,ja,nein,nein,ja,android,ja,nein,ja,ja,ja,nein,nein,,,,,ja,ja,ja,ja
D_880,02 - FRA,Light,geöffnet,,"Christian Kautz, Autoteile e.K.",Hannoversche Heerstraße 94,29227,Celle,Niedersachsen,52.603433,10.070877,(05141),984242,(05141),984244,pb880@franchise.euromaster.com,Christian Kautz,,RL_06,"Duvigneau, Stephan","Blank, Michael",Schneider,Kemnitz,Steinmann,Reinekirchen,B. Vieregge / Th. Knop / V. Deselears,880A,08:00-18:00-Mittagspause keine-Samstag 08:00 bis 13:00 uhr,nein,ja,ja,nein,nein,nein,ja,ja, , ,nein,0-4 Fahrzeuge pro Woche,KFZ - Meister,ja,V_AW4,10,880,1,1,3,,,ja,,,ja,ja,ja,ja,nein,nein,nein,nein,nein,nein,nein,ja,Stufe 2,ja,,alle,ja,2D,nein,Rollenprüfstand,ja,ja,ja,nein,Jack van der Zon,,ja,nein,nein,ja,nein,nein,ja,ja,ja,ja,ja,ja,nein,,ja,ja,ja,nein,,ja,ja,ja,ja,ja,ja,ja,ja,nein,nein,nein,nein,nein,nein,nein,nein,nein,nein,nein,ja,android,Grundmann,Grundmann,ja,ja,ja,nein,nein,,,,,ja,ja,ja,ja
D_882,02 - FRA,Light,geöffnet,,Rad und Reifen Center Haselier GmbH,Ottostraße 23,52511,Geilenkirchen,Nordrhein-Westfalen,50.975311,6.100599,(02451),4845790 91,(02451),482633,pb882@franchise.euromaster.com,Niko Haselier,,RL_08,"Girzycki, Damian","Erdmann, Ronny",Mion,Legermann,Dünner,Mion,B. Vieregge / Th. Knop / V. Deselears,882A,08:00-18:00-Mittagspause 13 - 14 Uhr-Samstag 09:00-12:00 Uhr,nein,nein,ja,nein,nein,nein,ja,ja, , ,nein,Keine Angabe,,ja,V_AW4,10,882,,,,,,nein,,,ja,ja,ja,ja,ja,nein,nein,nein,,,,ja,Stufe 1,,,,,,,,ja,,nein,nein,Rene Keller,,ja,nein,nein,nein,ja,ja,ja,ja,ja,ja,ja,ja,nein,,ja,ja,ja,nein,,ja,ja,ja,ja,ja,ja,ja,ja,nein,nein,nein,nein,nein,ja,ja,nein,ja,ja,nein,ja,ios,nein,nein,ja,nein,ja,nein,nein,ja,,,,ja,ja,ja,nein
D_884,02 - FRA,Light,geöffnet,,Autohaus Hirsch,Mühlweg 11,74523,Schwäbisch Hall,Baden-Württemberg,"49,101062",9.747533,(0791),3044,(0791),41024,pb884@franchise.euromaster.com,,,RL_13,"Ehrlinger, Steffen","Erdmann, Ronny",Mion,Burger,Seiler,Morina,M.Windisch / Th. Knop / V. Deselears,884A,08:00-18:00-Mittagspause keine-Samstag 09:00 - 13:00 Uhr,nein,nein,ja,nein,nein,nein,ja,ja, , ,nein,Keine Angabe,,ja,V_AW4,10,884,,,,,,nein,,,ja,ja,ja,nein,nein,nein,nein,nein,,,nein,ja,Stufe 2,,,,,,,,ja,,ja,nein,Kai Bohrmann,,nein,nein,ja,ja,nein,nein,nein,nein,ja,ja,ja,ja,nein,,ja,ja,ja,ja,,ja,ja,ja,ja,ja,ja,ja,ja,nein,nein,nein,nein,nein,nein,nein,ja,ja,ja,nein,ja,ios,ja,ja,nein,ja,ja,nein,nein,,,,,ja,ja,ja,ja
D_885,02 - FRA,Light,geöffnet,,Langenbacher GmbH,Dickenhardtstraße 73,78054,Villingen-Schwenningen,Baden-Württemberg,"48,052661",8.517781,(07720),30010,(07720),9949140,pb885@franchise.euromaster.com,Thomas Langenbacher & Maximilian Langenbacher,,RL_14,"Vogler, Daniel","Erdmann, Ronny",Schneider,Hampel,Seiler,Morina,M.Windisch / Th. Knop / V. Deselears,885A,08:00-17:00-Mittagspause 12:00 - 13:00 Uhr-Samstag geschlossen,nein,ja,ja,nein,nein,nein,ja,ja, , ,nein,Keine Angabe,,ja,V_AW4,10,885,,,,,,nein,,20,ja,ja,ja,ja,nein,nein,nein,nein,,,,ja,Stufe 3,,,,,,,,ja,,ja,nein,Kai Bohrmann,,ja,nein,ja,ja,nein,nein,nein,ja,ja,nein,ja,ja,nein,,ja,ja,ja,ja,,ja,ja,ja,ja,ja,ja,ja,ja,nein,nein,nein,nein,nein,nein,nein,ja,ja,nein,nein,ja,ios,ja,ja,ja,ja,ja,nein,nein,,,,,ja,ja,ja,ja
D_887,02 - FRA,Light,geöffnet,,Reifen & Autoservice Tucholke OHG,Chemnitzer Straße 15,14612,Falkensee,Brandenburg,"52,548212","13,106331",(03322),215658,(03322),217299,pb887@franchise.euromaster.com,"Kathrin Tucholke, Enrico Tucholke",,RL_03,"Abram, Marcus","Blank, Michael",Schneider,Kloy,Woydelko,Woydelko,B. Vieregge / Th. Knop / V. Deselears,887A,07:00-18:00-Mittagspause keine-Samstag 8.00-12.00 Uhr,ja,nein,nein,nein,nein,nein,nein,nein, , ,ja,Keine Kapazität,nein,nein,V_AW4,10,887,,,,,,nein,,,ja,ja,ja,ja,nein,nein,nein,nein,ja,ja,ja,nein,nein,nein,,nein,nein,2D,,Rollenprüfstand,ja,,ja,nein,Manuel Müller,,ja,nein,ja,ja,ja,nein,ja,ja,ja,ja,ja,ja,nein,,ja,ja,ja,ja,,ja,ja,ja,ja,ja,ja,ja,ja,nein,nein,ja,nein,nein,ja,nein,ja,ja,ja,ja,ja,android,nein,nein,ja,ja,ja,ja,ja,,,,,ja,nein,nein,ja
D_888,02 - FRA,Light,geöffnet,,Evro Bus GmbH,Witz-Leben-Straße 2,69469,Weinheim,Baden-Württemberg,49.546159,8.660946,(06201),17214,(0621),7481261,pb888@franchise.euromaster.com,Wilhelm Rutz,,RL_10,"Teige, Eric","Erdmann, Ronny",Mion,Mis,Seiler,Morina,M.Windisch / Th. Knop / V. Deselears,888A,08:00-17:00-Mittagspause keine-Samstag geschlossen,ja,ja,ja,nein,nein,nein,ja,Ja, , ,nein,0-4 Fahrzeuge pro Woche,,ja,V_AW4,10,888,,,,,,nein,,,ja,ja,ja,nein,nein,nein,nein,nein,,,,ja,nein,,,,,,,,ja,,ja,nein,Kai Bohrmann,,nein,nein,nein,ja,ja,ja,nein,ja,ja,ja,ja,ja,nein,,ja,ja,ja,ja,,ja,ja,ja,ja,ja,ja,ja,ja,ja,ja,ja,ja,ja,ja,ja,ja,ja,ja,nein,nein,ios,ja,ja,nein,ja,ja,nein,nein,ja,,,,ja,ja,nein,ja
D_889,02 - FRA,Mixed,geöffnet,,Ertugrul Özsevgec Reifenservice,Birlenbacher Hütte 20,57078,Siegen,Nordrhein-Westfalen,50.907589,8.012131,(0271),236510,,,pb889@franchise.euromaster.com,Ismet Özsevgeç,,RL_07,"Franzen, Bernd","Blank, Michael",Mion,Bulut,Dünner,Mion,B. Vieregge / Th. Knop / V. Deselears,889A,08:00-17:00-Mittagspause keine-Samstag 08:00 bis 12:00 Uhr,nein,nein,ja,nein,nein,nein,ja,nein, , ,nein,Keine Angabe,KFZ - Meister,ja,V_AW4,10,889,,,,,,nein,,8,ja,ja,ja,ja,ja,ja,ja,ja,,,,ja,Stufe 2,,,,,,,,ja,,ja,nein,Kai Bohrmann,,ja,,ja,ja,ja,ja,ja,ja,ja,,,,,,,,,,,ja,ja,ja,ja,ja,ja,ja,nein,ja,nein,ja,nein,nein,ja,nein,ja,nein,ja,nein,ja,android,ja,ja,ja,nein,ja,ja,ja,,,,,ja,ja,ja,ja
D_891,02 - FRA,Mixed,geöffnet,,Reifen & Autoservice Bernd Stroink GmbH,Brägeler Forst 1,49393,Lohne,Niedersachsen,"52,682713","8,270834",(04442),739503,(04442),739504,pb891@franchise.euromaster.com,Bernd Stroink,,RL_02,"Nüßler, Martin","Blank, Michael",Schneider,Hedemann,Steinmann,Reinekirchen,B. Vieregge / Th. Knop / V. Deselears,8911,08:00-17:00-Mittagspause 12:00-13:00-Samstag 08:00-12:00,nein,nein,ja,nein,nein,nein,ja,Ja,100,100,nein,5-8 Fahrzeuge pro Woche,KFZ - Meister,ja,V_AW3,10,891,5,1,4,,25,ja,ja,,ja,ja,ja,ja,ja,ja,ja,ja,ja,,ja,ja,Stufe 1,ja,alle,alle,ja,3D,nein,Rollenprüfstand,ja,,ja,nein,Jack van der Zon,2,ja,ja,ja,ja,nein,nein,ja,ja,ja,ja,ja,ja,ja,,ja,ja,ja,ja,,ja,ja,ja,ja,ja,ja,ja,ja,ja,ja,ja,nein,nein,nein,ja,ja,ja,ja,nein,ja,ios,ja,ja,ja,Stümpel,ja,ja,ja,,,,,ja,ja,ja,ja
D_895,02 - FRA,Light,geöffnet,,SMG Car,Kornkamp 6,22926,Ahrensburg,Schleswig-Holstein,53.682517,10.258236,(04102),9759925,,,pb895@franchise.euromaster.com,Sadok Ben Abdelaziz Jebli,,RL_01,"Witt, Ronald","Blank, Michael",Schneider,Uterhardt,Steinmann,Reinekirchen,B. Vieregge / Th. Knop / V. Deselears,895A,08:00-17:00-Mittagspause 13.00-14.00-Samstag geschlossen,nein,ja,ja,nein,nein,nein,ja,ja,100,nein,nein,>8 Fahrzeuge pro Woche,KFZ - Meister,ja,V_AW5,10,895A,4,,3,,5,ja,,,ja,ja,ja,nein,nein,nein,nein,nein,ja,,,ja,Stufe 1,,,,,,,,ja,ja,ja,ja,Jack van der Zon,,nein,nein,nein,ja,nein,nein,nein,ja,ja,nein,ja,ja,nein,,ja,ja,ja,ja,,ja,ja,ja,ja,ja,ja,ja,ja,nein,nein,nein,nein,nein,nein,nein,nein,ja,ja,nein,ja,android,ja,ja,nein,ja,ja,ja,ja,,,,,ja,ja,ja,ja
D_896,02 - FRA,Light,geöffnet,,BB Die Autowerkstatt GmbH,Talstr. 1-3,56316,Raubach,Rheinland-Pfalz,50.568119,7.627631,(0268),49149900,,,pb896@franchise.euromaster.com,Julian Schrader und Andrej Seidel,,RL_07,"Franzen, Bernd","Blank, Michael",Mion,Hackbarth,Dünner,Mion,B. Vieregge / Th. Knop / V. Deselears,896A,08:00-17:00-Mittagspause keine-Samstag 8-12 Uhr,nein,ja,ja,nein,nein,nein,ja,ja,,,nein,0-4 Fahrzeuge pro Woche,KFZ - Meister,nein,V_AW4,10,896,4,,,,,ja,,,ja,ja,ja,ja,nein,nein,nein,nein,,,nein,ja,Stufe 1,,,,,,,,ja,,ja,nein,Rene Keller,,ja,nein,ja,nein,ja,nein,nein,ja,ja,nein,nein,ja,ja,,ja,ja,ja,nein,,ja,ja,ja,ja,ja,ja,ja,ja,nein,ja,ja,nein,ja,ja,ja,ja,ja,ja,nein,ja,android,ja,ja,nein,ja,ja,nein,nein,ja,,,,ja,ja,ja,ja
D_897,02 - FRA,Mixed,geöffnet,,Reifen-Center Vogt GmbH & Co. KG,Kasseler Landstraße 16,37213,Witzenhausen,Hessen,"51,327592",9.849937,(05542),911525,(05542),911527,pb897@franchise.euromaster.com,Daniela Vogt-Wiesendorf,,RL_05,"Seibel, Alexander","Blank, Michael",Schneider,Kemnitz,Steinmann,Reinekirchen,B. Vieregge / Th. Knop / V. Deselears,897A,08:00-17:30-Mittagspause keine-Samstag 9-12 Uhr,ja,nein,ja,nein,nein,nein,nein,nein, , ,nein,Keine Angabe,,ja,V_AW2,10,897,4,2,3,3,4,nein,,,ja,ja,ja,ja,ja,ja,ja,ja,,,,ja,Stufe 1,,,,,,,,ja,,ja,nein,Manuel Müller,,ja,nein,nein,nein,ja,ja,nein,ja,ja,ja,ja,ja,ja,,ja,ja,ja,ja,,ja,ja,ja,ja,ja,ja,ja,ja,ja,nein,ja,nein,nein,ja,nein,ja,ja,ja,ja,ja,ios,ja,nein,ja,Dexter,ja,ja,ja,,,,,ja,ja,ja,ja
D_898,02 - FRA,Light,geöffnet,,Reifenservice Wagner,Berliner Straße 130,66424,Homburg,Saarland,49.340176,7.344916,(06841),4000,(06841),9936717,pb898@franchise.euromaster.com,Helmut Wagner,,RL_11,"Kin, Nazaret","Erdmann, Ronny",Mion,Hackbarth,Dünner,Mion,B. Vieregge / Th. Knop / V. Deselears,898A,08:00-16:30-Mittagspause 12:00-13:00,ja,nein,ja,nein,nein,nein,ja,Nein,50,50,nein,0-4 Fahrzeuge pro Woche,KFZ - Meister,nein,V_AW4,10,898,4,,3,,,nein,ja,,ja,ja,ja,nein,nein,nein,nein,nein,ja,nein,,ja,Stufe 1,,,alle,nein,2D,,Rollenprüfstand,ja,nein,ja,nein,Kai Bohrmann,,nein,nein,nein,ja,ja,nein,ja,ja,ja,ja,ja,ja,nein,,ja,ja,ja,ja,,ja,ja,ja,ja,ja,ja,ja,ja,nein,nein,nein,nein,nein,nein,nein,ja,nein,nein,nein,ja,ios,ja,nein,nein,Stümpel,ja,nein,nein,,,,,ja,ja,nein,ja
D_901,02 - FRA,Light,geöffnet,,Schmidt & Schmidt GbR,Emil-Berliner-Str. 29,30851,Langenhagen,Niedersachsen,52.516181,13.376935,(0511),47577433,(0511),47577432,pb901@franchise.euromaster.com,,,RL_06,"Duvigneau, Stephan","Blank, Michael",Schneider,Kemnitz,Steinmann,Reinekirchen,B. Vieregge / Th. Knop / V. Deselears,901A,08:00-17:00-Mittagspause keine-Samstag geschlossen,ja,ja,ja,nein,nein,nein,ja,nein, , ,nein,0-4 Fahrzeuge pro Woche,KFZ - Meister,ja,V_AW4,10,901,0,1,3,,,nein,,,ja,ja,ja,nein,nein,nein,nein,nein,ja,nein,nein,ja,Stufe 1,ja,,134a,nein,2D,nein,Rollenprüfstand,ja,nein,ja,nein,Jack van der Zon,,ja,nein,ja,ja,ja,nein,ja,ja,ja,nein,ja,ja,nein,,ja,ja,ja,nein,,ja,ja,ja,ja,ja,ja,ja,ja,nein,nein,nein,nein,nein,nein,nein,ja,ja,nein,nein,ja,android,nein,nein,ja,Dexter,ja,nein,nein,,,,,ja,ja,ja,ja
D_903,02 - FRA,Light,geöffnet,,Autoservice Zivkovic,Maybachstraße 3,38259,Salzgitter,Niedersachsen,"52,056743","10,381021",(05341),392577,(05341),395301,pb903@franchise.euromaster.com,Mija Zivkovic,,RL_06,"Duvigneau, Stephan","Blank, Michael",Schneider,Kemnitz,Steinmann,Reinekirchen,B. Vieregge / Th. Knop / V. Deselears,903A,08:00-17:00-Mittagspause 12.00 Uhr-13.00 Uhr-Samstag nach Vereinbarung,nein,nein,nein,nein,nein,nein,ja,ja, , ,nein,Keine Kapazität,KFZ - Meister,nein,V_AW2,10,903,1,1,3,,,ja,,,nein,nein,nein,ja,nein,nein,nein,nein,ja,nein,nein,nein,Stufe 1,ja,,134a,ja,2D,nein,Rollenprüfstand,ja,ja,ja,nein,Manuel Müller,,ja,nein,ja,ja,nein,nein,ja,ja,ja,ja,ja,ja,nein,,ja,ja,ja,nein,,ja,ja,ja,ja,ja,ja,ja,nein,nein,nein,ja,nein,nein,ja,nein,ja,ja,nein,nein,ja,android,ja,nein,ja,Dexter,ja,nein,nein,,,,,ja,nein,ja,ja
D_905,02 - FRA,Light,geöffnet,,Fahrzeug Service Unverzagt,Baslerstr. 92,79115,Freiburg,Baden-Württemberg,"47,984952",7.825075,(0761),42388,(0761),441089,pb905@franchise.euromaster.com,,,RL_14,"Vogler, Daniel","Erdmann, Ronny",Mion,Mis,Seiler,Morina,M.Windisch / Th. Knop / V. Deselears,905A,07:30-18:00-Mittagspause keine-Samstag geschlossen,nein,nein,ja,nein,nein,nein,ja,ja, , ,nein,Keine Angabe,,ja,V_AW6,10,905,,,,,,nein,,,ja,ja,ja,ja,nein,nein,nein,nein,,,,ja,Stufe 1,,,,,,,,ja,,nein,nein,,,ja,nein,nein,nein,ja,nein,nein,ja,ja,ja,ja,ja,ja,,ja,ja,ja,ja,,ja,ja,ja,ja,ja,ja,ja,ja,nein,nein,nein,nein,nein,nein,nein,ja,ja,ja,nein,ja,android,nein,nein,ja,Stümpel,ja,ja,ja,,,,,ja,ja,ja,nein
D_906,02 - FRA,Mixed,geöffnet,,Reifen & Auto Service Lindenberg,Bernburger Straße 13a,39418,Staßfurt,Sachsen-Anhalt,51.842917,11.603695,(03925),382838,(03925),382827,pb906@franchise.euromaster.com,Lutz Lindenberg,,RL_06,"Duvigneau, Stephan","Blank, Michael",Schneider,Scola,Woydelko,Woydelko,B. Vieregge / Th. Knop / V. Deselears,906A,08:00-17:00-Mittagspause keine-Samstag 9-12 Uhr,nein,nein,ja,nein,nein,nein,nein,nein, , ,nein,Keine Kapazität,KFZ - Meister,ja,V_AW2,10,906,3,2,3,,,nein,,6,ja,ja,ja,ja,ja,ja,ja,ja,ja,ja,ja,ja,Stufe 1,ja,,134a,nein,3D,nein,Rollenprüfstand,ja,ja,ja,nein,Manuel Müller,,ja,ja,ja,nein,ja,nein,ja,ja,ja,ja,ja,ja,nein,,ja,ja,ja,ja,,ja,ja,ja,ja,ja,ja,ja,ja,ja,nein,ja,nein,nein,ja,nein,ja,ja,ja,nein,ja,ios,nein,nein,ja,Dexter,ja,ja,ja,,,,,ja,ja,ja,ja
D_908-01,02 - FRA,Mixed,geöffnet,,Mülot Autotechnik Reifen GmbH & Co.KG,Marienstraße 34,19386,Lübz,Mecklenburg-Vorpommern,53.468422,12.030531,(038731),5150,(038731),51555,pb908-01@franchise.euromaster.com,Kai-Uwe Mülot,,RL_03,"Abram, Marcus","Blank, Michael",Schneider,Pahnke,Woydelko,Woydelko,B. Vieregge / Th. Knop / V. Deselears,908A,08:00-17:00-Mittagspause 12:00-13:00-Samstag 08:00 bis 12:00,ja,ja,ja,nein,nein,nein,ja,ja,ja,ja,nein,Keine Angabe,KFZ - Meister,ja,V_AW4,10,908-01,,,,,,nein,,12,ja,ja,ja,ja,ja,ja,ja,ja,,,,ja,Stufe 1,,,,,,,,ja,,ja,nein,Manuel Müller,,ja,,ja,ja,ja,ja,ja,ja,ja,ja,ja,ja,ja,,nein,ja,ja,ja,,ja,ja,ja,ja,ja,ja,ja,ja,ja,ja,ja,ja,ja,ja,ja,ja,ja,ja,ja,ja,android,Grundmann,Grundmann,ja,ja,ja,nein,nein,,,,,ja,ja,ja,ja
D_908-02,02 - FRA,Mixed,geöffnet,,Mülot Autotechnik Reifen GmbH & Co.KG,Warliner Straße 6,17034,Neubrandenburg,Mecklenburg-Vorpommern,53.564001,13.293013,(0395),4226611,(0395),4226613,pb908-02@franchise.euromaster.com,Jens Adam,,RL_03,"Abram, Marcus","Blank, Michael",Schneider,Pahnke,Woydelko,Woydelko,B. Vieregge / Th. Knop / V. Deselears,908B,08:00-17:00-Mittagspause 12:00-13:00-Samstag 8.00-12.00,ja,ja,ja,nein,nein,nein,ja,ja,ja,ja,nein,Keine Angabe,KFZ - Meister,ja,V_AW2,10,908-02,,,,,,nein,,,ja,ja,ja,ja,ja,ja,ja,ja,,,,ja,Stufe 1,,,,,,,,ja,,ja,nein,Manuel Müller,,ja,,ja,ja,ja,ja,ja,ja,,,,,,,,,,,,ja,ja,ja,ja,ja,ja,ja,ja,nein,nein,ja,nein,nein,nein,nein,ja,ja,ja,nein,ja,ios,Grundmann,Grundmann,ja,ja,ja,nein,nein,,,,,ja,ja,ja,ja
D_908-07,02 - FRA,Mixed,geöffnet,,Mülot Autotechnik Reifen GmbH & Co.KG,Jasminstraße 25,23795,Bad Segeberg,Schleswig-Holstein,53.923887,10.316395,(04551),95000,(04551),968661,pb908-07@franchise.euromaster.com,Dirk Dencker,,RL_03,"Abram, Marcus","Blank, Michael",Schneider,Uterhardt,Steinmann,Reinekirchen,B. Vieregge / Th. Knop / V. Deselears,908G,08:00-17:00-Mittagspause 12:00-13:00-Samstag 08:00-12:00,ja,ja,ja,nein,nein,nein,ja,ja,ja,ja,nein,Keine Angabe,KFZ - Meister,ja,V_AW3,10,908-07,,,,,,nein,,,ja,ja,ja,ja,ja,ja,ja,ja,,,,ja,nein,,,,,,,,ja,,ja,nein,Jack van der Zon,,ja,,ja,ja,ja,ja,ja,ja,,,,,,,,,,,,,,,,,,,,nein,nein,ja,nein,nein,nein,nein,ja,ja,ja,nein,ja,android,Grundmann,Grundmann,ja,ja,ja,nein,nein,,,,,ja,ja,nein,ja
D_909,02 - FRA,Mixed,geöffnet,,Hermann Bunte Auto-Elektrik GmbH,Gutshofstraße 98,26871,Papenburg,Niedersachsen,53.063481,7.414334,(04961),89294,(04961),89242,pb909@franchise.euromaster.com,Lars Bunte,,RL_02,"Nüßler, Martin","Blank, Michael",Schneider,Kemnitz,Steinmann,Reinekirchen,B. Vieregge / Th. Knop / V. Deselears,909A,08:00-17:00-Mittagspause 12:00-13:00-Samstag 08:00-12:00,nein,ja,ja,nein,nein,nein,ja,ja, , ,nein,Keine Angabe,,ja,V_AW2,10,909,,,,,,ja,,20,ja,ja,ja,nein,ja,nein,nein,nein,,,,ja,Stufe 2,,,,,,,,ja,,ja,nein,Jack van der Zon,,ja,,ja,nein,nein,nein,ja,ja,ja,ja,ja,ja,nein,,ja,ja,ja,ja,,ja,ja,ja,ja,ja,ja,ja,nein,ja,ja,ja,ja,ja,ja,ja,ja,ja,nein,ja,ja,android,ja,nein,nein,ja,ja,nein,nein,,,,,ja,ja,ja,ja
D_917,02 - FRA,Heavy,geöffnet,,Pascher Nutzfahrzeugreifen GmbH,Bockschützstraße 16,83646,Bad Tölz,Bayern,47.756015,11.555744,(08041),71147,(08041),7999086,pb917@franchise.euromaster.com,Josef Pascher,,RL_14,"Vogler, Daniel","Erdmann, Ronny",Schneider,N.N.,Seiler,Morina,M.Windisch / Th. Knop / V. Deselears,917A,"08:00-12:00 - 13:00-17:00, nach Verinbarung (LKW Center)",nein,nein,ja,nein,nein,nein,nein,nein, , ,nein,Keine Angabe,,nein,V_AW4,10,917,,,,,,nein,,,nein,nein,nein,nein,ja,ja,ja,ja,,,,nein,nein,,,,,,,,nein,,nein,nein,,,ja,ja,ja,nein,ja,nein,nein,ja,ja,ja,ja,ja,ja,,ja,ja,ja,ja,,nein,nein,nein,nein,nein,nein,nein,nein,ja,nein,ja,nein,nein,ja,nein,,,,nein,nein,android,nein,nein,ja,Dexter,ja,nein,nein,,,,,ja,nein,nein,nein
D_929,02 - FRA,Heavy,geöffnet,,R+R Reifen und Räder Handelsgesellschaft mbH,Johann-Vaillant-Straße 6,40721,Hilden,Nordrhein-Westfalen,51.168989,6.915968,(02103),9070330,(02103),9070310,pb929@franchise.euromaster.com,Dirk Retzlaff,,RL_08,"Girzycki, Damian","Erdmann, Ronny",Mion,Warzocha,Dünner,Mion,B. Vieregge / Th. Knop / V. Deselears,929A,08:00-18:00-Mittagspause keine-Samstag 8-13 Uhr,nein,nein,nein,nein,nein,nein,nein,nein, , ,nein,Keine Angabe,,nein,V_AW4,10,929,,,,,,nein,,,nein,ja,ja,nein,ja,ja,ja,ja,,,,nein,Stufe 1,,,,,,,,nein,,nein,nein,,,nein,,ja,nein,ja,nein,ja,nein,ja,ja,ja,ja,nein,,ja,ja,ja,ja,,nein,nein,nein,nein,nein,nein,nein,nein,ja,nein,ja,nein,nein,ja,nein,ja,ja,nein,ja,nein,ios,nein,nein,nein,ja,ja,nein,nein,nein,,,,ja,nein,ja,nein
D_930,02 - FRA,Light,geöffnet,,Sevgi Atabay Autocenter,Tecklenburger Damm 109,49479,Ibbenbüren,Nordrhein-Westfalen,52.260166,"7,727263",(05451),4998780,(05451),4998781,pb930@franchise.euromaster.com,Ali Ihsan Atabay,,RL_02,"Nüßler, Martin","Blank, Michael",Schneider,Hedemann,Steinmann,Reinekirchen,B. Vieregge / Th. Knop / V. Deselears,930A,08:00-17:00-Mittagspause keine-Samstag geschlossen,ja,nein,ja,nein,nein,nein,ja,nein, , ,nein,Keine Angabe,,ja,V_AW3,10,930,,,,,,ja,,,ja,ja,ja,nein,nein,nein,nein,nein,,,,ja,Stufe 1,nein,,,,,,,ja,,ja,nein,Jack van der Zon,,ja,,nein,ja,ja,nein,ja,ja,ja,ja,ja,ja,nein,,ja,ja,ja,nein,,ja,ja,ja,ja,ja,ja,ja,ja,nein,nein,nein,nein,nein,nein,nein,ja,ja,ja,nein,ja,ios,ja,nein,ja,nein,ja,nein,nein,,,,,ja,ja,ja,ja
D_931,02 - FRA,Light,geöffnet,,R+R Reifen und Räder GmbH & Co. KG,Auf dem Sand 41,40721,Hilden,Nordrhein-Westfalen,"51,174681",6.918262,(02103),36900,(02103),361821,pb931@franchise.euromaster.com,Lutz Hillmann,,RL_08,"Girzycki, Damian","Erdmann, Ronny",Mion,Warzocha,Dünner,Mion,B. Vieregge / Th. Knop / V. Deselears,9311,08:00-18:00-Mittagspause keine-Samstag 8-13 Uhr,ja,nein,ja,nein,nein,nein,nein,nein, , ,nein,Keine Angabe,,ja,V_AW4,10,931,,,,,,nein,,,ja,ja,ja,ja,nein,nein,nein,nein,,,,ja,Stufe 1,,,,,,,,ja,,ja,nein,Rene Keller,,nein,nein,nein,nein,ja,nein,ja,ja,ja,ja,ja,ja,ja,,ja,ja,ja,nein,,ja,ja,ja,ja,ja,ja,ja,ja,nein,nein,nein,nein,nein,ja,nein,ja,ja,nein,ja,ja,ios,Grundmann,Grundmann,ja,Dexter,ja,ja,ja,nein,,,,ja,ja,ja,ja
D_940,02 - FRA,Light,geöffnet,,Cartec-24 Apolda GmbH & Co.KG,Erfurter Straße 109,99510,Apolda,Thüringen,51.023461,"11,494341",(03644),8207000,(03644),8207008,pb940@franchise.euromaster.com,Folke Gütler,,RL_05,"Seibel, Alexander","Blank, Michael",Schneider,Hundeshagen,Woydelko,Woydelko,B. Vieregge / Th. Knop / V. Deselears,940A,08:00-18:00-Mittagspause keine-Samstag geschlossen,nein,nein,ja,nein,nein,nein,nein,nein, , ,nein,Keine Kapazität,KFZ - Meister,nein,V_AW3,10,940,,,,,,nein,,8,ja,ja,ja,nein,ja,ja,ja,nein,ja,ja,ja,nein,nein,nein,,nein,nein,2D,,Rollenprüfstand,nein,nein,ja,nein,Manuel Müller,,nein,ja,ja,nein,nein,nein,nein,nein,ja,ja,ja,ja,nein,,ja,ja,ja,ja,,nein,nein,nein,nein,nein,nein,ja,nein,ja,nein,ja,nein,nein,ja,ja,ja,ja,ja,nein,ja,android,ja,ja,nein,ja,ja,nein,nein,,,,,ja,nein,nein,ja
D_947,02 - FRA,Light,geöffnet,,MH Auto-u. Motorradtechnik GmbH,Berliner Ring 15,64625,Bensheim,Hessen,49.669721,8.607948,(06251),8697626,(06251),8697625,pb947@franchise.euromaster.com,Michael Hansen,,RL_10,"Teige, Eric","Erdmann, Ronny",Mion,Bulut,Dünner,Mion,B. Vieregge / Th. Knop / V. Deselears,947A,"MO+DI+DO 08:00-17:00
 MI 08:00-18:00
 FR 08:00-14:00-Mittagspause keine-Samstag geschlossen",nein,ja,ja,nein,nein,nein,ja,Nein, , ,nein,0-4 Fahrzeuge pro Woche,,ja,V_AW5,10,947,,,,,,nein,,,ja,ja,ja,ja,nein,nein,nein,nein,,,,ja,Stufe 1,,,,,3D,,,ja,,ja,nein,Kai Bohrmann,,nein,nein,nein,ja,ja,ja,nein,ja,ja,ja,ja,ja,nein,,ja,ja,ja,ja,,ja,ja,ja,ja,ja,ja,ja,ja,nein,nein,nein,nein,nein,nein,nein,ja,ja,ja,nein,nein,ios,ja,nein,ja,Stümpel,ja,nein,nein,ja,,,,ja,ja,ja,ja
D_950,02 - FRA,Light,geöffnet,,Kfz Frömling Lasczyk und Weishaupt GbR,Jahnstr. 13,58455,Witten,Nordrhein-Westfalen,"48,448606","12,570674",(02302),56835,,,pb950@franchise.euromaster.com,Michel Weishaupt,,RL_07,"Franzen, Bernd","Blank, Michael",Mion,Pater,Dünner,Mion,B. Vieregge / Th. Knop / V. Deselears,950A,08:00-18:00-Mittagspause 13:00-13:30-Samstag 08:00-12:00,nein,ja,ja,nein,nein,nein,ja,ja,500, ,nein,Keine Angabe,KFZ - Meister,ja,V_AW4,10,950,5,1,ja,5,10,ja,ja,6,ja,ja,ja,nein,nein,nein,nein,nein,,,,ja,Stufe 3,ja,alle,alle,ja,3D,ja,Rollenprüfstand,ja,ja,ja,nein,Rene Keller,,ja,nein,ja,nein,nein,nein,ja,ja,ja,ja,ja,ja,nein,ja,ja,ja,ja,ja,,ja,ja,ja,ja,ja,ja,ja,ja,ja,ja,ja,nein,nein,ja,nein,ja,ja,ja,nein,ja,android,ja,ja,ja,ja,ja,nein,nein,ja,ja,ja,ja,ja,ja,ja,ja
D_955,02 - FRA,Light,geöffnet,,Bosch Car Service Daube,Brauerstrasse 20,21244,Buchholz,Niedersachsen,"53,354271","9,873271",(04181),6811,(04181),9091087,pb955@franchise.euromaster.com,,,RL_01,"Witt, Ronald","Blank, Michael",Schneider,Uterhardt,Steinmann,Reinekirchen,B. Vieregge / Th. Knop / V. Deselears,955A,08:00-17:00-Mittagspause 12:00 bis 13:00 Uhr-Samstag geschlossen,nein,nein,nein,nein,nein,nein,nein,nein,500,nein,nein,Keine Angabe,KFZ - Meister,nein,V_AW5,10,955,2,,,,6,ja,nein,8,ja,ja,ja,ja,nein,nein,nein,nein,ja,nein,nein,ja,Stufe 1,,alle,alle,,3D,,Rollenprüfstand,ja,nein,ja,nein,Jack van der Zon,,nein,nein,nein,ja,nein,nein,ja,ja,ja,nein,ja,ja,nein,,ja,ja,ja,nein,,ja,ja,ja,ja,ja,ja,ja,nein,nein,ja,ja,nein,nein,nein,nein,ja,ja,ja,nein,nein,ios,ja,nein,ja,ja,ja,nein,nein,ja,,,,ja,ja,ja,ja
D_966,02 - FRA,Light,geöffnet,,Reifen & KFZ Service Rother,Ulrich-Schalk-Straße 7,91056,Erlangen,Bayern,49.588212,10.974053,(09131),750870,(09131),7508722,pb966@franchise.euromaster.com,Stefan Rother,,RL_13,"Ehrlinger, Steffen","Erdmann, Ronny",Schneider,N.N.,Seiler,Morina,M.Windisch / Th. Knop / V. Deselears,966A,08:00-17:00-Mittagspause 12:00 - 13:00 Uhr-Samstag geschlossen,ja,ja,ja,nein,nein,nein,ja,ja, , ,nein,0-4 Fahrzeuge pro Woche,Altgeselle,ja,V_AW4,10,966,,,,,,nein,,,ja,ja,ja,ja,nein,nein,nein,nein,,,,ja,Stufe 1,,,,,,,,ja,,ja,nein,Manuel Müller,,ja,nein,ja,ja,ja,ja,nein,ja,ja,ja,ja,ja,ja,,ja,ja,ja,ja,,ja,ja,ja,ja,ja,ja,ja,ja,ja,nein,ja,nein,nein,ja,nein,ja,ja,nein,nein,ja,ios,ja,ja,ja,Stümpel,ja,nein,nein,ja,,,,ja,ja,ja,ja
D_969,02 - FRA,Mixed,geöffnet,,Reifen M. Fastner GmbH,An der Eisenschmelze 23,87527,Sonthofen,Bayern,47.522035,10.275521,(08321),674610,(08321),674620,pb969@franchise.euromaster.com,Martin Fastner,,RL_14,"Vogler, Daniel","Erdmann, Ronny",Schneider,N.N.,Seiler,Morina,M.Windisch / Th. Knop / V. Deselears,969A,08:00-17:30-Mittagspause 12:00 - 13:00 Uhr-Samstag 08:00 - 12:00 Uhr,nein,nein,ja,nein,nein,nein,ja,ja, , ,ja,0-4 Fahrzeuge pro Woche,KFZ - Meister,ja,V_AW3,10,969,,,,,,ja,,,ja,ja,ja,ja,ja,ja,ja,ja,,,,ja,Stufe 3,,,,,,,,ja,,ja,nein,Kai Bohrmann,,ja,ja,ja,nein,nein,nein,nein,ja,ja,ja,ja,ja,ja,,ja,ja,ja,ja,,ja,ja,ja,ja,ja,ja,ja,ja,ja,nein,ja,nein,nein,ja,ja,ja,ja,nein,nein,ja,ios,ja,ja,ja,Dexter,ja,nein,nein,ja,,,,ja,ja,ja,ja
D_973,02 - FRA,Mixed,geöffnet,,Reifen-Service-Center Rest GmbH,Lenggrieser Straße 50,83646,Bad Tölz,Bayern,47.750688,11.562121,(08041),782430,(08041),7824322,pb973@franchise.euromaster.com,Johann Rest,,RL_14,"Vogler, Daniel","Erdmann, Ronny",Schneider,N.N.,Seiler,Morina,M.Windisch / Th. Knop / V. Deselears,973B,08:00-18:00-Mittagspause 12:00 - 13:00 Uhr-Samstag geschlossen,ja,nein,ja,nein,nein,nein,ja,ja, , ,nein,0-4 Fahrzeuge pro Woche,KFZ - Meister,ja,V_AW4,10,973-02,,,,,,nein,,,ja,ja,ja,ja,ja,ja,ja,ja,,,,ja,Stufe 2,,,,,,,,ja,,ja,ja,,,ja,ja,ja,nein,ja,nein,nein,ja,ja,ja,ja,ja,ja,,ja,ja,ja,nein,,ja,ja,ja,ja,ja,ja,ja,ja,nein,nein,nein,nein,nein,nein,nein,ja,ja,nein,nein,ja,ios,ja,ja,ja,Dexter,ja,nein,nein,,,,,ja,ja,ja,ja
D_980,02 - FRA,Light,geöffnet,,Autohaus Gallersdörfer GmbH & Co.KG,Neumarkter Str. 4,84140,Gangkofen,Bayern,48.448606,12.570674,(08722),96220,(08722),962266,pb980@franchise.euromaster.com,Albert Gallersdörfer,,RL_15,"Schleger, Michael","Erdmann, Ronny",Schneider,Geier,Seiler,Morina,M.Windisch / Th. Knop / V. Deselears,980A,08:00-17:00-Mittagspause 12:00-13:00-Samstag 09:00-12:00,nein,nein,ja,nein,nein,nein,ja,ja, , ,nein,0-4 Fahrzeuge pro Woche,KFZ - Meister,ja,V_AW3,10,980,,,,,,ja,,,ja,ja,ja,ja,nein,nein,nein,nein,,,,ja,Stufe 3,,,,,,,,ja,,ja,nein,Kai Bohrmann,,ja,,nein,ja,nein,nein,nein,ja,ja,ja,ja,ja,nein,,ja,ja,ja,ja,,ja,ja,ja,ja,ja,ja,ja,ja,nein,nein,nein,nein,nein,nein,nein,nein,nein,nein,nein,ja,ios,ja,nein,ja,ja,ja,nein,nein,,,,,ja,ja,ja,ja
D_981,02 - FRA,Light,geöffnet,,Jimmy' s Reifen Center,Aspenhaustr. 5,72770,Reutlingen,Baden-Württemberg,"48,491022","9,135371",(07121),6701450,(07121),6701455,pb981@franchise.euromaster.com,Fatmir Jim Berisha,,RL_12,"Willmann, Sascha","Erdmann, Ronny",Schneider,Hampel,Seiler,Morina,M.Windisch / Th. Knop / V. Deselears,981A,08:00-17:30-Mittagspause 12:00-13:00 Uhr-Samstag 08:00 - 13:00 Uhr,nein,nein,ja,ja,nein,nein,ja,ja, , ,nein,Keine Angabe,,nein,V_AW4,10,981,,,,,,ja,,,ja,ja,ja,ja,nein,nein,nein,nein,,,,nein,Stufe 1,,,,,,,,ja,,ja,nein,Kai Bohrmann,,nein,nein,nein,nein,ja,nein,nein,ja,ja,ja,ja,ja,nein,ja,ja,ja,ja,nein,,ja,ja,ja,nein,ja,ja,ja,ja,ja,nein,ja,nein,nein,ja,nein,ja,ja,nein,nein,ja,ios,ja,ja,ja,nein,ja,ja,ja,ja,,,,ja,nein,ja,ja
D_982,02 - FRA,Mixed,geöffnet,,Reifen Dahlke GmbH & Co. KG,Boltensternstraße 343,50735,Koeln,Nordrhein-Westfalen,50.979065,6.970512,(0221),711311,(0221),7125896,pb982@franchise.euromaster.com,Michael Dahlke,,RL_09,"Bornkessel, Daniel","Erdmann, Ronny",Mion,Legermann,Dünner,Mion,B. Vieregge / Th. Knop / V. Deselears,982A,08:00-17:00-Mittagspause keine-Samstag 9-13 Uhr,nein,nein,nein,nein,nein,nein,nein,nein, ,200,nein,Keine Kapazität,nein,nein,V_AW6,10,982,4,1,,,10,nein,,,ja,ja,ja,ja,nein,nein,nein,nein,nein,nein,nein,nein,nein,,,alle,,2D,,Rollenprüfstand,ja,,ja,nein,Rene Keller,,nein,nein,nein,ja,ja,ja,ja,ja,ja,nein,ja,ja,nein,,ja,ja,ja,nein,,ja,ja,ja,ja,ja,ja,ja,ja,nein,nein,nein,nein,nein,nein,nein,nein,nein,nein,ja,ja,android,ja,nein,ja,Dexter,ja,nein,nein,,,,,ja,nein,nein,ja
D_983,02 - FRA,Mixed,geöffnet,,Reifenservice Zimmer,Am Bahnhof 1,97353,Wiesentheid,Bayern,"49,788513","10,341134",(09383),328,(09383),1754,pb983@franchise.euromaster.com,Dominik Zimmer,,RL_13,"Ehrlinger, Steffen","Erdmann, Ronny",Schneider,N.N.,Seiler,Morina,M.Windisch / Th. Knop / V. Deselears,983A,08:00-18:00-Mittagspause keine-Samstag 08:00 - 13:00 Uhr,ja,nein,ja,nein,nein,nein,ja,nein, , ,nein,0-4 Fahrzeuge pro Woche,Altgeselle,ja,V_AW3,10,983,,,,,,nein,,,ja,ja,ja,ja,nein,nein,nein,nein,,,,ja,Stufe 1,,,,,,,,ja,,ja,nein,Manuel Müller,,ja,,ja,ja,ja,nein,nein,ja,ja,ja,ja,ja,nein,,ja,ja,ja,ja,,ja,ja,ja,ja,ja,ja,ja,ja,ja,nein,ja,nein,nein,ja,nein,ja,ja,ja,nein,ja,ios,nein,nein,ja,Dexter,ja,nein,nein,ja,,,,ja,ja,ja,ja
D_986,02 - FRA,Light,geöffnet,,Reifen Wiese e.K.,Maybachstraße 23,74626,Bretzfeld-Schwabbach,Baden-Württemberg,49.185156,9.412976,(07946),941676,(07946),941677,pb986@franchise.euromaster.com,Carsten Wiese,,RL_12,"Willmann, Sascha","Erdmann, Ronny",Mion,Burger,Seiler,Morina,M.Windisch / Th. Knop / V. Deselears,9861,08:00-17:00-Mittagspause 12:00 - 13:00 Uhr-Samstag 08:00 - 13:00 Uhr,ja,ja,ja,ja,nein,nein,ja,nein, , ,nein,Keine Angabe,,nein,V_AW4,10,986,,,,,,nein,,,ja,ja,ja,ja,nein,nein,nein,nein,,,,nein,Stufe 1,,,,,,,,ja,,ja,nein,Kai Bohrmann,,nein,nein,nein,ja,ja,nein,nein,ja,nein,ja,ja,ja,nein,,ja,ja,ja,ja,,ja,ja,ja,ja,ja,ja,ja,ja,nein,nein,nein,nein,nein,nein,nein,ja,ja,ja,ja,ja,ios,ja,ja,ja,Dexter,ja,nein,nein,,,,,ja,nein,ja,ja
D_987,02 - FRA,Light,geöffnet,,RN Reifen Nord GmbH,Escherstr. 129,50739,Koeln,Nordrhein-Westfalen,"50,960391",6.937962,(0221),7787180,,,pb987@franchise.euromaster.com,Jörg Neubert,,RL_09,"Bornkessel, Daniel","Erdmann, Ronny",Mion,Legermann,Dünner,Mion,B. Vieregge / Th. Knop / V. Deselears,987A,8-17-Mittagspause keine-Samstag geschlossen,nein,,ja,nein,nein,nein,ja,ja, , ,nein,Keine Angabe,KFZ - Meister,ja,V_AW6,10,987,5,0,3,,,nein,,,ja,ja,ja,nein,nein,nein,nein,nein,ja,nein,nein,ja,nein,,,alle,ja,3D,ja,Rollenprüfstand,ja,ja,nein,nein,,,nein,nein,nein,ja,nein,nein,nein,ja,ja,nein,ja,ja,nein,,ja,ja,ja,ja,,ja,ja,ja,ja,ja,ja,ja,ja,nein,,,,,,ja,ja,ja,ja,ja,ja,android,ja,ja,ja,Dexter,ja,nein,nein,ja,,,,ja,ja,nein,nein
D_988,02 - FRA,Light,geöffnet,,Mintgen Motorsport KFZ-Meisterwerkstatt,Kottenheimer Weg 29,56727,Mayen,Rheinland-Pfalz,50.336676,7.237297,(02651),5488,(02651),903260,pb988@franchise.euromaster.com,,,RL_09,"Bornkessel, Daniel","Erdmann, Ronny",Mion,Hackbarth,Dünner,Mion,B. Vieregge / Th. Knop / V. Deselears,988A,08:00-17:00 FR 13:15-Mittagspause keine-Samstag geschlossen,nein,,ja,nein,nein,nein,ja,ja, , ,nein,0-4 Fahrzeuge pro Woche,KFZ - Meister,ja,V_AW4,10,988,5,2,,,,ja,ja,,ja,ja,ja,ja,nein,nein,nein,nein,ja,nein,nein,ja,Stufe 3,ja,alle,alle,ja,3D,,,ja,,ja,nein,Rene Keller,,ja,nein,ja,nein,nein,nein,nein,ja,ja,,,,,,,,,,,ja,ja,ja,ja,ja,ja,ja,ja,nein,nein,nein,nein,nein,nein,nein,ja,ja,,nein,ja,android,ja,nein,nein,ja,ja,nein,nein,ja,,,,ja,ja,ja,ja
D_990,02 - FRA,Mixed,geöffnet,,Autohaus Werner GmbH,Seckenhauser Straße 7,28844,Weyhe-Leeste,Niedersachsen,52.986621,8.783158,(0421),89905800,(0421),89905803,pb990@franchise.euromaster.com,Thomas Lehrfeld,,RL_02,"Nüßler, Martin","Blank, Michael",Mion,Hedemann,Steinmann,Reinekirchen,B. Vieregge / Th. Knop / V. Deselears,9901,08:00-17:00-Mittagspause 12:00-13:00-Samstag 08:00-12:00,nein,,ja,nein,nein,nein,ja,nein, , ,nein,Keine Angabe,,nein,V_AW4,,,,,,,,ja,,12,ja,ja,ja,nein,ja,nein,nein,nein,,,,ja,Stufe 1,,,,,,,,ja,,nein,nein,Jack van der Zon,,ja,ja,ja,ja,nein,nein,nein,ja,ja,ja,ja,nein,ja,ja,ja,ja,ja,ja,,ja,ja,ja,ja,ja,ja,ja,nein,ja,ja,ja,ja,ja,ja,nein,ja,ja,ja,ja,nein,android,ja,nein,nein,ja,ja,ja,ja,,,,,ja,ja,ja,nein
D_991,02 - FRA,Light,geöffnet,,Autohaus Lau in der Probstei GmbH,Kamp 4,24217,Schönberg,Schleswig-Holstein,54.385406,"10,377622",(04344),6311,(+4344),3213,pb991@franchise.euromaster.com,Malte Lau,,RL_01,"Witt, Ronald","Blank, Michael",Schneider,Uterhardt,Steinmann,Reinekirchen,B. Vieregge / Th. Knop / V. Deselears,991A,08:00-17:00-Mittagspause 12:00-13:00 Freitags 08:00 - 13:00 keine Pause- Samastag geschlossen,nein,,ja,ja,nein,nein,ja,Ja,ja,ja,nein,0-4 Fahrzeuge pro Woche,KFZ - Meister,ja,V_AW4,10,991,,,,,,ja,,,ja,ja,ja,nein,nein,nein,nein,nein,,,nein,ja,Stufe 2,,,,,,,,ja,,ja,nein,Jack van der Zon,,nein,nein,nein,nein,nein,nein,ja,ja,ja,ja,ja,ja,nein,,ja,ja,ja,nein,,ja,ja,ja,ja,ja,ja,ja,ja,nein,nein,ja,nein,ja,ja,ja,ja,ja,ja,nein,ja,android,ja,ja,ja,Dexter,ja,nein,nein,,,,,ja,ja,ja,ja
D_994,02 - FRA,Mixed,geöffnet,,Reifen Farwick,Von-Braun-Straße 2,48683,Ahaus,Nordrhein-Westfalen,52.069685,7.022958,(02561),3770,(02561),43615,pb994@franchise.euromaster.com,Hendrik Plate,,RL_04,"Bernsmeier, Olaf","Blank, Michael",Mion,Otte,Steinmann,Reinekirchen,B. Vieregge / Th. Knop / V. Deselears,994A,08:00-17:00-Mittagspause 12:00-13:00,ja,nein,ja,nein,nein,nein,ja,nein, ,ja,ja,Keine Angabe,nein,nein,V_AW3,10,994,,,,,,ja,,,ja,ja,ja,ja,ja,ja,ja,ja,ja,ja,ja,nein,Stufe 1,nein,nein,nein,nein,3D,nein,Plattenprüfstand,ja,nein,ja,nein,Jack van der Zon,1,ja,ja,ja,ja,ja,nein,ja,ja,ja,ja,ja,ja,nein,ja,ja,ja,ja,nein,,ja,ja,ja,ja,ja,ja,ja,ja,ja,ja,ja,nein,nein,ja,nein,ja,ja,ja,ja,nein,ios,ja,nein,ja,ja,ja,ja,ja,ja,,,,ja,nein,ja,ja
D_996,02 - FRA,Light,geöffnet,,Stonis Garage GmbH,Sontheimerfeld 6-8,74388,Talheim,Baden-Württemberg,49.102114,9.186204,(07133),22 99 96,(07133),22 99 97,pb996@franchise.euromaster.com,Jürgen Steinbrecher,,RL_12,"Willmann, Sascha","Erdmann, Ronny",Mion,Burger,Seiler,Morina,M.Windisch / Th. Knop / V. Deselears,9961,09:00-18:00-Mittagspause keine-Samstag geschlossen,ja,,ja,ja,nein,nein,nein,ja, , ,nein,Keine Angabe,KFZ - Meister,ja,V_AW4,10,996,,,,,,ja,,,ja,ja,ja,ja,nein,nein,nein,nein,,,,ja,Stufe 1,,,,,,,,ja,,ja,nein,Kai Bohrmann,,nein,nein,nein,ja,nein,nein,nein,ja,ja,ja,ja,ja,ja,ja,ja,ja,ja,nein,,ja,ja,ja,ja,ja,ja,ja,ja,nein,nein,nein,nein,nein,nein,nein,ja,ja,nein,nein,ja,ios,ja,nein,ja,ja,ja,nein,nein,,,,,ja,ja,ja,ja
D_627,02 - FRA,Light,geöffnet,auch MLX,KFZ-Meisterbetrieb Sven Placküter,Hartwarderstrasse 1,26935,Stadland,Niedersachsen,"53,411261","8,460205",(0473),2308,(0473),28351,pb627@franchise.euromaster.com,Sven Placküter,,RL_02,"Nüßler, Martin","Blank, Michael",Schneider,Kemnitz,Steinmann,Reinekirchen,B. Vieregge / Th. Knop / V. Deselears,627A,08:00-17:00-Mittagspause 12:30-13.30-Samstag geschlossen,nein,ja,ja,nein,nein,nein,ja,ja, , ,nein,0-4 Fahrzeuge pro Woche,,nein,V_AW2,10,927,,,,,,ja,,,ja,ja,ja,nein,nein,nein,nein,nein,,,,ja,nein,,,,,,,,ja,,ja,nein,Jack van der Zon,,nein,nein,nein,nein,nein,nein,nein,ja,,,,,,,,,,,,ja,ja,ja,ja,ja,ja,ja,ja,nein,ja,ja,nein,ja,ja,ja,ja,ja,ja,nein,ja,android,ja,ja,ja,ja,nein,nein,nein,ja,,,,ja,ja,nein,ja
D_976-01,02 - FRA,Heavy,geöffnet,,Trelo Truck & Trailer Service,Mietersheimer Hauptstrasse 71,77933,Lahr,Baden-Württemberg,48.331533,7.845524,(00370),66700099,,,pb976-01@franchise.euromaster.com,,,RL_14,"Vogler, Daniel","Erdmann, Ronny",Mion,Mis,Seiler,Morina,M.Windisch / Th. Knop / V. Deselears,976A,07:00-19:00-Mittagspause keine-Samstag 7-16,nein,nein,ja,nein,nein,nein,nein,nein, , ,nein,Keine Angabe,,nein,V_AW6,10,976A,,,,,,nein,,,nein,nein,nein,nein,ja,nein,nein,nein,,,,nein,nein,,,nein,nein,nein,nein,nein,nein,nein,nein,nein,Kai Bohrmann,,nein,,nein,nein,nein,nein,nein,nein,ja,nein,ja,nein,nein,,ja,ja,ja,nein,,nein,nein,nein,nein,nein,nein,nein,nein,,,,,,,nein,,,,nein,nein,android,nein,ja,nein,ja,ja,nein,nein,,,,,ja,nein,nein,nein
D_976-02,02 - FRA,Heavy,geöffnet,,Trelo Truck & Trailer Service,Ernst-Moritz-Arndt-Str. 10,41747,Viersen,Nordrhein-Westfalen,51.246192,6.389438,(00370),64300062,,,pb976-02@franchise.euromaster.com,,,RL_08,"Girzycki, Damian","Erdmann, Ronny",Mion,Warzocha,Dünner,Mion,B. Vieregge / Th. Knop / V. Deselears,976B,07:00-19:00-Mittagspause keine-Samstag 7-16,nein,nein,ja,nein,nein,nein,nein,nein, , ,nein,Keine Angabe,,nein,V_AW4,10,976B,,,,,,nein,,,nein,nein,nein,nein,ja,nein,nein,nein,,,,nein,nein,,,nein,nein,nein,nein,nein,nein,nein,nein,nein,,,nein,,nein,nein,nein,nein,nein,ja,ja,nein,ja,nein,nein,,ja,ja,ja,nein,,nein,nein,nein,nein,nein,nein,nein,nein,,,,,,,nein,,,,nein,nein,android,nein,ja,nein,ja,ja,nein,nein,,,,,ja,nein,nein,nein
D_149-01,02 - FRA,Light,geöffnet,auch MLX,Autohaus Mezger GmbH,Hanauerstrasse 2,77767,Appenweier,Baden-Württemberg,48.556652,7.967273,(07805),996760,(07805),5608,pb149-01@franchise.euromaster.com,Julian Fuchs,,RL_12,"Willmann, Sascha","Erdmann, Ronny",Mion,Mis,Seiler,Morina,M.Windisch / Th. Knop / V. Deselears,149A,"07:30-17:30 Mittagspause kein, Samstags geschlossen",nein,ja,ja,ja,nein,nein,ja,ja, , ,nein,0-4 Fahrzeuge pro Woche,KFZ - Meister,ja,V_AW4,10,D_149-01,4,1,4,,,ja,,10,ja,ja,ja,nein,nein,nein,nein,nein,ja,nein,nein,ja,Stufe 3,ja,,alle,nein,3D,nein,Rollenprüfstand,ja,ja,ja,nein,Kai Bohrmann,,nein,nein,nein,nein,nein,nein,nein,ja,,,,,,,,,,,,ja,ja,ja,ja,ja,ja,ja,ja,nein,ja,ja,nein,ja,ja,ja,ja,ja,ja,nein,nein,android,ja,ja,nein,ja,ja,nein,nein,ja,,,,ja,ja,ja,ja
D_149-02,02 - FRA,Light,geöffnet,auch MLX,Autohaus Mezger GmbH,Gewerbestr. 2,77704,Oberkirch,Baden-Württemberg,48.541361,8.070678,(07802),93530,,,pb149-02@franchise.euromaster.com,Heinz-Christian Mezger,,RL_12,"Willmann, Sascha","Erdmann, Ronny",Mion,Mis,Seiler,Morina,M.Windisch / Th. Knop / V. Deselears,149B,"07:30-17:30 Mittagspause kein, Samstags geschlossen",nein,ja,ja,ja,nein,nein,ja,ja, , ,nein,0-4 Fahrzeuge pro Woche,KFZ - Meister,ja,V_AW4,10,D_149-02,2,3,4,,,ja,,5,ja,ja,ja,nein,nein,nein,nein,nein,ja,nein,nein,ja,Stufe 3,ja,,alle,nein,2D,nein,Rollenprüfstand,ja,ja,ja,nein,Kai Bohrmann,,nein,nein,nein,nein,nein,nein,nein,ja,,,,,,,,,,,,ja,ja,ja,ja,ja,ja,ja,ja,nein,ja,ja,nein,ja,ja,ja,ja,ja,ja,nein,nein,android,ja,ja,nein,ja,ja,nein,nein,,,,,ja,ja,ja,ja
D_494-01,02 - FRA,Light,geöffnet,,Autobetriebe Lehmann GmbH,Schweriner Str. 29,19209,Lützow,Mecklenburg-Vorpommern,"53,656094","11,183657",(038874),22044,(038874),22045,pb494-01@franchise.euromaster.com,"Steffen Lehmann, Carsten Fietzke",,RL_03,"Abram, Marcus","Blank, Michael",Schneider,Pahnke,Woydelko,Woydelko,B. Vieregge / Th. Knop / V. Deselears,494A,08:00-17:00-Mittagspause keine-,nein,ja,ja,nein,nein,nein,ja,ja, , ,nein,0-4 Fahrzeuge pro Woche,KFZ - Meister,ja,V_AW4,10,D_494-01A,,,,,,ja,,15,ja,ja,ja,nein,nein,nein,nein,nein,nein,nein,nein,ja,Stufe 2,ja,,alle,ja,2D,,Rollenprüfstand,ja,nein,ja,ja,Manuel Müller,,nein,nein,nein,ja,nein,nein,nein,ja,ja,ja,ja,nein,nein,,ja,ja,ja,ja,,ja,ja,ja,ja,ja,ja,ja,ja,nein,nein,nein,nein,nein,nein,nein,nein,nein,nein,nein,ja,android,ja,ja,nein,ja,ja,nein,nein,,,,,ja,ja,ja,ja
D_494-02,02 - FRA,Light,geöffnet,,Autobetriebe Lehmann GmbH,Hauptstr. 41,19230,Bandenitz,Mecklenburg-Vorpommern,"53,491297","11,281636",(03885),423,,,pb494-02@franchise.euromaster.com,"Steffen Lehmann, Carsten Fietzke",,RL_03,"Abram, Marcus","Blank, Michael",Schneider,Pahnke,Woydelko,Woydelko,B. Vieregge / Th. Knop / V. Deselears,494B,08:00-17:00-Mittagspause keine-,nein,ja,ja,nein,nein,nein,ja,ja, , ,nein,0-4 Fahrzeuge pro Woche,KFZ - Meister,ja,V_AW4,10,D_494-02B,,,,,,ja,,10,ja,ja,ja,nein,nein,nein,nein,nein,nein,nein,nein,ja,Stufe 2,ja,,alle,ja,2D,,Rollenprüfstand,ja,nein,ja,nein,Manuel Müller,,nein,nein,nein,ja,nein,nein,nein,ja,ja,ja,ja,nein,nein,,ja,ja,nein,nein,,ja,ja,ja,ja,ja,ja,ja,ja,nein,nein,nein,nein,nein,nein,nein,nein,nein,nein,nein,ja,android,ja,ja,nein,ja,ja,nein,nein,,,,,ja,ja,ja,ja
D_960,02 - FRA,Light,geöffnet,,OS Fahrzeugtechnik,Spandauer Str. 1-3,21502,Geesthacht,Schleswig-Holstein,"53,434399","10,344844",(04152),9193994,,,pb960@franchise.euromaster.com,Olcay Sagsöz,,RL_01,"Witt, Ronald","Blank, Michael",Schneider,Uterhardt,Steinmann,Reinekirchen,B. Vieregge / Th. Knop / V. Deselears,960A,09:00-18:00-Mittagspause 12:00-13:00-Samstag 09:00-13:00,nein,nein,ja,nein,nein,nein,ja,nein,0,0,nein,0-4 Fahrzeuge pro Woche,KFZ - Meister,ja,V_AW5,10,D_960,5,3,4.5,2,10,nein,ja,0,ja,ja,ja,nein,nein,nein,nein,nein,ja,nein,nein,ja,nein,,alle,alle,ja,2D,ja,nein,ja,nein,ja,nein,Jack van der Zon,0,nein,nein,nein,ja,nein,nein,ja,ja,nein,ja,ja,nein,nein,,nein,nein,nein,nein,,ja,ja,ja,ja,ja,ja,ja,ja,nein,nein,nein,nein,nein,nein,nein,ja,ja,nein,nein,ja,ios,nein,ja,ja,ja,nein,nein,nein,ja,ja,nein,ja,ja,ja,nein,ja
D_420,02 - FRA,Light,geöffnet,,Autohaus Eichhorn,Münchener Str. 14,85560,Ebersberg,Bayern,48.076278,11.963221,(08092),857770,(08092),8577722,pb420@franchise.euromaster.com,Paul Eichhorn,,RL_15,"Schleger, Michael","Erdmann, Ronny",Schneider,N.N.,Seiler,Morina,M.Windisch / Th. Knop / V. Deselears,420A,07:00-18:00 Fr. 07:00-16:00-Mittagspause 12:00-13:00-Samstag 09:00-12:30,nein,nein,ja,nein,nein,nein,ja,ja, , ,nein,Keine Angabe,,ja,V_AW6,10,D_420,,,,,,ja,,,ja,ja,ja,nein,nein,nein,nein,nein,,,nein,ja,Stufe 2,,,,,,,,ja,,ja,nein,Kai Bohrmann,,nein,nein,ja,ja,nein,nein,nein,ja,nein,nein,ja,nein,nein,,ja,nein,ja,ja,,ja,ja,ja,ja,ja,ja,ja,ja,nein,nein,nein,nein,nein,nein,nein,nein,nein,nein,nein,ja,ios,ja,ja,ja,ja,ja,nein,nein,,,,,ja,ja,ja,ja
D_433,02 - FRA,Light,geöffnet,,Autopoint Zeven & Glas Center,Südring 4,27404,Zeven,Niedersachsen,"53,277618","9,284417",(04281),951860,(04281),9518619,pb433@franchise.euromaster.com,Thomas Koberg,,RL_02,"Nüßler, Martin","Blank, Michael",Schneider,Kemnitz,Steinmann,Reinekirchen,B. Vieregge / Th. Knop / V. Deselears,433A,08:00 - 17:00-Mittagspause 12-13 Uhr-Samstag geschlossen,nein,nein,ja,nein,nein,nein,ja,ja, , ,nein,5-8 Fahrzeuge pro Woche,KFZ - Meister,ja,V_AW3,10,433,5,1,,,20,nein,nein,nein,ja,ja,ja,ja,nein,nein,nein,nein,ja,nein,nein,ja,Stufe 3,,alle,alle,ja,3D,ja,Rollenprüfstand,ja,nein,ja,nein,Jack van der Zon,,ja,,nein,nein,nein,nein,ja,ja,nein,ja,ja,nein,nein,,ja,nein,ja,ja,,ja,ja,ja,ja,ja,ja,ja,ja,nein,nein,nein,nein,nein,ja,ja,ja,ja,ja,nein,nein,android,ja,ja,ja,Dexter,nein,ja,ja,ja,,,,ja,ja,ja,ja
D_822,02 - FRA,Light,geöffnet,,Autohaus Tilli,Senefelder Str. 1,24568,Kaltenkirchen,Schleswig-Holstein,53.818592,9.970846,(04191),506826,(04191),506827,pb822@franchise.euromaster.com,Ufuk Tillioglu,,RL_01,"Witt, Ronald","Blank, Michael",Schneider,Uterhardt,Steinmann,Reinekirchen,B. Vieregge / Th. Knop / V. Deselears,822A,09:30-18:00-Mittagspause keine-Samstag geschlossen,nein,ja,nein,nein,nein,nein,ja,ja,ja,ja,nein,5-8 Fahrzeuge pro Woche,,ja,V_AW4,10,822,3,1,3,,10,nein,,,ja,ja,ja,nein,nein,nein,nein,nein,ja,,,ja,nein,,,alle,ja,2D,,Rollenprüfstand,ja,ja,ja,nein,Jack van der Zon,,ja,,nein,nein,nein,nein,ja,ja,ja,ja,nein,nein,nein,,ja,nein,ja,nein,,ja,ja,ja,ja,ja,ja,ja,ja,nein,nein,nein,nein,nein,ja,Ja,ja,ja,ja,nein,nein,android,ja,ja,ja,nein,ja,nein,nein,,,,,ja,ja,nein,ja
D_178,02 - FRA,Light,geöffnet,,Thomas Frankenberger,Weinbergstraße 15,97753,Karlstadt-Stetten,Bayern,49.941193,9.827303,(09360),99359580,(09630),618,pb178@franchise.euromaster.com,Thomas Frankenberger,,RL_13,"Ehrlinger, Steffen","Erdmann, Ronny",Schneider,N.N.,Seiler,Morina,M.Windisch / Th. Knop / V. Deselears,178A,08:00-16:30-Mittagspause 12.00-13:00-Samstag geschlossen,nein,nein,ja,ja,nein,nein,ja,ja,ja,ja,nein,5-8 Fahrzeuge pro Woche,KFZ - Meister,ja,V_AW3,5,178,,,,,,nein,ja,,ja,ja,ja,ja,nein,nein,nein,nein,ja,nein,nein,ja,Stufe 2,,,alle,nein,2D,,Rollenprüfstand,ja,ja,ja,nein,Manuel Müller,,nein,nein,nein,nein,nein,nein,nein,ja,ja,ja,ja,nein,ja,,ja,nein,ja,ja,,ja,ja,ja,ja,ja,ja,ja,ja,nein,ja,ja,nein,nein,nein,nein,ja,ja,ja,ja,nein,android,nein,nein,nein,ja,ja,nein,nein,ja,,,,ja,ja,ja,ja
D_536,02 - FRA,Light,geöffnet,,Autozentrum Schäfer GmbH,Edisonstr. 17,63477,Maintal,Hessen,50.147931,8.832605,(06181),94970,,,pb536@franchise.euromaster.com,Jens Schäfer,,RL_10,"Teige, Eric","Erdmann, Ronny",Mion,Bulut,Dünner,Mion,B. Vieregge / Th. Knop / V. Deselears,536A,07:15-17:00-Mittagspause keine-Samstag 09:00-12:00,nein,nein,ja,nein,nein,nein,ja,ja, , ,nein,5-8 Fahrzeuge pro Woche,KFZ - Meister,ja,V_AW6,10,536,,,3,,,ja,,,ja,ja,ja,nein,nein,nein,nein,nein,ja,nein,nein,ja,Stufe 2,ja,,alle,nein,2D,,Rollenprüfstand,ja,ja,ja,nein,Kai Bohrmann,,nein,nein,nein,nein,nein,nein,nein,ja,ja,ja,ja,nein,ja,,ja,nein,ja,ja,,ja,ja,ja,ja,ja,ja,ja,ja,nein,ja,ja,nein,ja,ja,ja,ja,ja,ja,nein,nein,android,ja,ja,ja,ja,ja,nein,nein,ja,,,,ja,ja,ja,ja
D_525,02 - FRA,Light,geöffnet,,Autohaus Schick GmbH & Co. KG,Weier 4,84375,Kirchdorf am Inn,Bayern,48.255653,12.994958,(08571),91510,,,pb525@franchise.euromaster.com,Josef Schick,,RL_15,"Schleger, Michael","Erdmann, Ronny",Schneider,Geier,Seiler,Morina,M.Windisch / Th. Knop / V. Deselears,525A,07:45-18:00-Mittagspause 12:00 - 13:00-Samstag geschlossen,nein,ja,ja,nein,nein,nein,ja,ja, , ,nein,0-4 Fahrzeuge pro Woche,KFZ - Meister,nein,V_AW3,10,525,,,,,,ja,,,ja,ja,ja,nein,nein,nein,nein,nein,,,nein,ja,Stufe 3,,,,,,,,ja,,ja,nein,Kai Bohrmann,,nein,nein,nein,nein,nein,nein,nein,ja,ja,ja,ja,nein,nein,,ja,nein,ja,ja,,ja,ja,ja,ja,ja,ja,ja,ja,nein,nein,nein,nein,nein,nein,nein,ja,ja,ja,nein,ja,android,ja,ja,nein,ja,nein,nein,nein,,,,,ja,ja,ja,ja
D_537,02 - FRA,Light,geöffnet,,Autoservice Prima ,Industriestr. 9,23843,Bad Oldesloe,Schleswig-Holstein,53.802084,10.38832,(04531),8806019,,,pb537@franchise.euromaster.com,Tuncay Bilgic,,RL_01,"Witt, Ronald","Blank, Michael",Schneider,Uterhardt,Steinmann,Reinekirchen,B. Vieregge / Th. Knop / V. Deselears,537A,08:00-17:00-Mittagspause 12:00-13:00-Samstag geschlossen,nein,nein,ja,nein,nein,nein,ja,nein,ja,ja,nein,5-8 Fahrzeuge pro Woche,KFZ - Meister,ja,V_AW4,10,537,3,1,3,2,10,nein,nein,nein,ja,ja,ja,nein,nein,nein,nein,nein,ja,nein,nein,ja,nein,,alle,alle,,2D,,Plattenprüfstand,ja,nein,ja,nein,Jack van der Zon,nein,nein,nein,nein,ja,nein,nein,nein,ja,nein,nein,ja,nein,ja,,ja,nein,ja,ja,,ja,ja,ja,ja,ja,ja,ja,ja,nein,nein,ja,nein,nein,nein,nein,ja,ja,ja,nein,ja,ios,ja,ja,ja,ja,ja,nein,nein,ja,,,ja,ja,ja,nein,ja
D_397-03,02 - FRA,Light,geöffnet,,Heinemann Gruppe GmbH,Bornhardtstr. 8,38644,Goslar,Niedersachsen,"52,516181","13,376935",(05321),371810,(05321),371840,pb137-03@franchise.euromaster.com,Jan Kuschmierz,,RL_06,"Duvigneau, Stephan","Blank, Michael",Schneider,Kemnitz,Steinmann,Reinekirchen,B. Vieregge / Th. Knop / V. Deselears,397C,07:30-18:00-Mittagspause keine-Samstag 09:00-13:00,nein,ja,ja,nein,nein,nein,ja,ja, , ,nein,0-4 Fahrzeuge pro Woche,KFZ - Meister,ja,V_AW2,10,397C,,,,,,ja,,,ja,ja,ja,nein,nein,nein,nein,nein,,,,ja,Stufe 3,ja,,alle,ja,3D,,Rollenprüfstand,ja,nein,ja,nein,Manuel Müller,,nein,nein,nein,ja,nein,nein,ja,ja,ja,ja,ja,ja,ja,,ja,nein,nein,ja,,ja,ja,ja,ja,ja,ja,ja,ja,nein,nein,nein,nein,nein,nein,nein,ja,ja,ja,nein,ja,android,ja,ja,nein,ja,ja,nein,nein,,,,,ja,ja,ja,ja
D_977,02 - FRA,Light,geöffnet,,Tessmann GbR,Köthener Str. 8c,06188,Landsberg,Sachsen-Anhalt,"51,531429","12,156673",(034602),22967,(034602),20730,pb977@franchise.euromaster.com,Robert Tessmann,,RL_06,"Duvigneau, Stephan","Blank, Michael",Schneider,Scola,Woydelko,Woydelko,B. Vieregge / Th. Knop / V. Deselears,977A,"Mo.-Do. 07:00-17:00, Fr. 07:00-12:00 Uhr ,keine Mittagspause",nein,ja,ja,nein,nein,nein,ja,ja, , ,nein,0-4 Fahrzeuge pro Woche,KFZ - Meister,ja,V_AW3,10,977,2,1,3,,,nein,,,ja,ja,ja,nein,nein,nein,nein,nein,ja,nein,,ja,Stufe 1,ja,,alle,ja,3D,,Rollenprüfstand,ja,nein,ja,nein,Manuel Müller,,nein,nein,nein,nein,nein,nein,nein,ja,ja,ja,ja,ja,ja,,ja,nein,nein,nein,,ja,ja,ja,ja,ja,ja,ja,ja,nein,nein,nein,nein,nein,nein,nein,nein,ja,nein,nein,ja,android,ja,ja,nein,nein,ja,nein,nein,,,,,ja,ja,ja,ja
D_826,02 - FRA,Light,geöffnet,ehemals D_578,Gummi-Mayer Car Service GmbH & Co. KG,Nordring 30,76829,Landau,Rheinland-Pfalz,"49,200629","8,117124",(06341),91860,,,pb826@franchise.euromaster.com,Christian Nerding,,RL_11,"Kin, Nazaret","Erdmann, Ronny",Mion,Mis,Seiler,Morina,B. Vieregge / Th. Knop / V. Deselears,826A,08:00-17:00-Mittagspause 12-13 Uhr-,ja,ja,ja,nein,nein,nein,ja,nein, , ,nein,5-8 Fahrzeuge pro Woche,KFZ - Meister,ja,V_AW4,10,826,0,2,2.5,,,nein,,,ja,ja,ja,nein,nein,nein,nein,nein,ja,,,ja,Stufe 2,,,alle,nein,3D,nein,Rollenprüfstand,ja,,ja,nein,Kai Bohrmann,,ja,,ja,ja,ja,ja,nein,ja,ja,ja,ja,nein,ja,,ja,nein,nein,ja,,ja,ja,ja,ja,ja,ja,ja,ja,nein,nein,ja,nein,nein,ja,nein,ja,ja,nein,,nein,Android,nein,nein,ja,ja,ja,nein,nein,,,,,ja,ja,ja,ja
D_827,02 - FRA,Light,geöffnet,ehemals D_757,Gummi -Mayer Kempten GmbH & Co. KG,Immenstädter Straße 100,87435,Kempten,Bayern,"47,712122","10,310979",(0831 ),540470,,,pb827@franchise.euromaster.com,Florian Wünschman,,RL_14,"Vogler, Daniel","Erdmann, Ronny",Schneider,N.N.,Seiler,Morina,M.Windisch / Th. Knop / V. Deselears,827A,08:00-17:00-Mittagspause 12-13 Uhr-Samstag geschlossen,nein,ja,ja,nein,nein,nein,ja,nein, , ,nein,5-8 Fahrzeuge pro Woche,KFZ - Meister,ja,V_AW3,10,827,,,,,,nein,,,ja,ja,ja,nein,nein,nein,nein,nein,,,,ja,Stufe 2,,,,,,,,ja,,ja,nein,Kai Bohrmann,,ja,,ja,ja,ja,ja,nein,ja,ja,ja,ja,nein,ja,,ja,nein,nein,ja,,ja,ja,ja,ja,ja,ja,ja,ja,nein,nein,nein,nein,nein,nein,nein,nein,nein,nein,ja,ja,Android,nein,nein,ja,ja,nein,nein,nein,ja,,,,ja,ja,ja,ja
D_841,02 - FRA,Light,geöffnet,,Reifen-Geis GmbH,Im Hag 5,63834,Sulzbach am Main,Bayern,"49,915393","9,150061",(060281),20799,,,pb841@franchise.euromaster.com,Karl-Heinz Geis,,RL_10,"Teige, Eric","Erdmann, Ronny",Mion,Bulut,Dünner,Mion,M.Windisch / Th. Knop / V. Deselears,841A,"08:00-17:00 Mo-Do-Mittagspause 12:00-13:00, FR 08:00-15:00-Samstag 09:00-13:00",nein,nein,ja,nein,nein,nein,nein,nein, , ,nein,Keine Angabe,nein,nein,V_AW6,10,841,2,,,,,nein,,,ja,ja,ja,nein,nein,nein,nein,nein,ja,ja,,nein,Stufe 2,nein,,,,,,,nein,,ja,nein,Kai Bohrmann,,nein,,nein,nein,nein,nein,nein,ja,,,,,,,,,,,,ja,,ja,,,nein,nein,,nein,ja,ja,nein,nein,ja,nein,ja,ja,ja,ja,nein,Android,nein,nein,nein,ja,nein,nein,nein,,,,,ja,nein,ja,ja
D_842,02 - FRA,Light,geöffnet,auch MLX,Autohaus G. Krieger GmbH,Kronenstr. 25,73579,Schechingen,Baden-Württemberg,"48,875163","9,916824",(07175),923660,,,pb842@franchise.euromaster.com,Gerd Krieger,,RL_13,"Ehrlinger, Steffen","Erdmann, Ronny",Schneider,Hampel,Seiler,Morina,M.Windisch / Th. Knop / V. Deselears,842A,08:00-17:00-Mittagspause keine-Samstag 08.00-12.00 Uhr,nein,nein,ja,nein,nein,nein,ja,ja, , ,nein,Keine Angabe,,ja,V_AW4,10,842,,,,,,nein,,,ja,ja,ja,nein,nein,nein,nein,nein,,,,ja,Stufe 3,,,,,,,,ja,,ja,nein,Kai Bohrmann,,nein,,nein,nein,nein,nein,nein,ja,nein,ja,ja,ja,ja,,ja,nein,nein,nein,,ja,ja,ja,ja,ja,ja,ja,ja,nein,nein,nein,nein,nein,Ja,nein,nein,nein,nein,nein,ja,Android,ja,ja,ja,ja,ja,nein,nein,ja,,,,ja,ja,ja,ja
D_859,02 - FRA,Light,geöffnet,auch MLX,Demir Reifen- & Autoservice,Robert-Koch-Str.2,65479,Raunheim,Hessen,50.008247,8.453367,(06142),2086888,(06142),2086889,pb859@franchise.euromaster.com,Ayhan Demir,,RL_10,"Teige, Eric","Erdmann, Ronny",Mion,Bulut,Dünner,Mion,B. Vieregge / Th. Knop / V. Deselears,859A,09:00-18:00-Mittagspause keine-,nein,nein,ja,nein,nein,nein,ja,,,,nein,Keine Angabe,,nein,V_AW6,10,859,3,1,4,,,nein,,,ja,ja,ja,nein,nein,nein,nein,nein,ja,nein,nein,nein,Stufe 2,,,alle,nein,nein,,Rollenprüfstand,ja,nein,ja,nein,Kai Bohrmann,,nein,,nein,nein,nein,nein,nein,ja,,,,,,,,,,,,ja,ja,ja,ja,ja,ja,ja,ja,nein,ja,ja,nein,ja,ja,ja,nein,ja,nein,nein,nein,android,nein,nein,nein,nein,ja,nein,nein,,,,,ja,nein,ja,ja
D_849,02 - FRA,Light,geöffnet,,Auto Grunau GmbH,Altenburger Str. 70,04617,Rositz,Thüringen,51.008516,12.385926,(034498),40039,(034498),44532,pb849@franchise.euromaster.com,Roberto Grunau,,RL_05,"Seibel, Alexander","Blank, Michael",Schneider,Scola,Woydelko,Woydelko,B. Vieregge / Th. Knop / V. Deselears,849C,08:00-17:00-Mittagspause keine-Samstag 8.00-13.00,nein,nein,ja,nein,nein,nein,ja,ja,,,nein,0-4 Fahrzeuge pro Woche,KFZ - Meister,ja,V_AW4,10,849,4,1,4m,,,ja,,,ja,ja,ja,ja,nein,nein,nein,nein,ja,nein,nein,ja,Stufe 3,ja,,alle,ja,2D,,Rollenprüfstand,ja,nein,ja,nein,Manuel Müller,,nein,nein,nein,ja,nein,nein,nein,ja,ja,ja,ja,ja,ja,,ja,nein,ja,nein,,ja,ja,ja,ja,ja,ja,ja,ja,nein,nein,nein,nein,nein,nein,nein,nein,ja,ja,nein,ja,android,nein,nein,ja,ja,ja,nein,nein,,,,,ja,ja,ja,ja
D_958,02 - FRA,Light,geöffnet,auch MLX,Auohaus Roeb GmbH,Wildparkstr. 7,52385,Nideggen,Nordrhein-Westfalen,50.656923,6.419867,(02474),1367,(02474),1763,pb958@franchise.euromaster.com,Max Müller,,RL_09,"Bornkessel, Daniel","Erdmann, Ronny",Mion,Legermann,Dünner,Mion,B. Vieregge / Th. Knop / V. Deselears,958A,"08:00-16:45 Mo-Do, 08:00-16:00 FR-Mittagspause keine- SA 08:00-12:00",nein,nein,ja,nein,nein,nein,ja,ja,,,nein,Keine Angabe,KFZ - Meister,nein,V_AW4,10,958,5,,4 mtr,,15,ja,ja,,ja,ja,ja,nein,nein,nein,nein,nein,ja,nein,nein,ja,Stufe 2,,alle,alle,nein,3D,nein,Rollenprüfstand,ja,ja,ja,ja,Rene Keller,,nein,nein,nein,nein,nein,nein,nein,ja,,,,,,,,,,,,,,,,,,,,nein,nein,nein,nein,nein,nein,nein,ja,ja,nein,,,android,ja,nein,nein,ja,ja,nein,nein,ja,,,,ja,ja,ja,ja
D_892,02 - FRA,Light,geöffnet,,Müller KFZ & Reifenservice,Henriettenstr. 99,73230,Kirchheim unter Teck,Baden-Württemberg,48.651055,9.433049,(07021),4829922,,,pb892@franchise.euromaster.com,Patrick Müller,,RL_12,"Willmann, Sascha","Erdmann, Ronny",Schneider,Hampel,Seiler,Morina,M.Windisch / Th. Knop / V. Deselears,892A,8:00-19.00-Mittagspause keine-Samstag 8.00-13.00,nein,nein,ja,ja,nein,nein,ja,ja,,,nein,Keine Angabe,KFZ - Meister,ja,V_AW4,10,892,5,1,"3,5 mtr",,25,nein,,,ja,ja,ja,nein,nein,nein,nein,nein,ja,nein,nein,ja,nein,ja,alle,alle,ja,3D,nein,Rollenprüfstand,ja,nein,ja,nein,Kai Bohrmann,,nein,nein,nein,nein,nein,nein,nein,ja,ja,ja,ja,nein,ja,nein,ja,nein,ja,nein,nein,ja,ja,ja,ja,ja,ja,ja,ja,nein,nein,nein,nein,nein,nein,nein,ja,ja,nein,nein,ja,Android,ja,ja,nein,ja,ja,nein,nein,,,,,ja,ja,nein,ja
D_985-01,02 - FRA,Light,geöffnet,,Autohaus Walch GmbH,Wimpasinger Str. 4,83278,Traunstein,Bayern,47.849744,12.630151,(0861),90996020,(08654),47224,pb985-01@franchise.euromaster.com,Christian Obermaier,,RL_15,"Schleger, Michael","Erdmann, Ronny",Schneider,N.N.,Seiler,Morina,M.Windisch / Th. Knop / V. Deselears,985A,08:00 - 17:00-Mittagspause 12:00 - 12:30-Samstag 09:00 - 12:00,nein,nein,ja,nein,nein,nein,ja,ja,,,nein,0-4 Fahrzeuge pro Woche,KFZ - Meister,ja,V_AW4,10,985-01,2,1,3.5,2,10,ja,,,ja,ja,ja,nein,nein,nein,nein,nein,ja,nein,nein,ja,Stufe 3,ja,alle,alle,,3D,ja,Rollenprüfstand,ja,ja,ja,nein,Kai Bohrmann,,nein,nein,nein,nein,nein,nein,nein,nein,nein,ja,ja,ja,ja,ja,nein,nein,ja,nein,ja,ja,ja,ja,ja,ja,ja,ja,ja,nein,nein,nein,nein,nein,nein,nein,ja,ja,ja,nein,ja,,ja,ja,nein,ja,nein,nein,nein,,,,,ja,ja,ja,ja
D_993,02 - FRA,Light,geöffnet,,Autohaus Hochreiter GmbH & Co. KG,Dr. Albert-Frank-Straße 16,83308,Trostberg,Bayern,48.023744,12.553093,(08621),98390,(08621),983939,pb993@franchise.euromaster.com,Konrad jun. und Hermman Hochreiter,,RL_15,"Schleger, Michael","Erdmann, Ronny",Schneider,N.N.,Seiler,Morina,M.Windisch / Th. Knop / V. Deselears,993A,07:30 - 17:30 Freitags bis 16:30-Mittagspause keine-Samstag geschlossen,nein,ja,ja,nein,nein,nein,ja,ja,,,nein,0-4 Fahrzeuge pro Woche,KFZ - Meister,ja,V_AW4,10,993,4,0,4,2,20,ja,,,ja,ja,ja,nein,nein,nein,nein,nein,ja,nein,nein,ja,Stufe 2,ja,alle,alle,nein,2D,nein,Rollenprüfstand,ja,ja,ja,nein,Kai Bohrmann,,nein,nein,nein,ja,nein,nein,nein,ja,nein,ja,ja,nein,ja,ja,nein,nein,nein,ja,ja,ja,ja,ja,ja,ja,ja,ja,ja,nein,nein,nein,nein,nein,ja,nein,ja,nein,nein,nein,ja,android,ja,nein,nein,ja,ja,nein,nein,,,,,ja,ja,ja,ja
D_894,02 - FRA,Light,geöffnet,,Autohaus Voss GmbH& Co.KG,Breikamp 2-6,48720,Rosendahl,Nordrhein-Westfalen,"52,027369",7.284037,(02545),383,(02545),1260,pb894@franchise.euromaster.com,Niklas Voss,015750730690,RL_04,"Bernsmeier, Olaf","Blank, Michael",Mion,Otte,Steinmann,Reinekirchen,B. Vieregge / Th. Knop / V. Deselears,894A,07:30-18:00-Mittagspause keine-Samstag 9:00-12:00,nein,nein,ja,nein,nein,nein,ja,ja,,,nein,5-8 Fahrzeuge pro Woche,KFZ - Meister,ja,V_AW3,10,984,,,7 Mtr,2,30,ja,,4,ja,ja,ja,nein,nein,nein,nein,nein,ja,nein,nein,ja,Stufe 3,ja,alle,alle,ja,3D,ja,Rollenprüfstand,ja,ja,ja,nein,Jack van der Zon,,ja,nein,nein,ja,nein,nein,nein,ja,nein,ja,ja,ja,ja,ja,nein,nein,ja,ja,ja,ja,ja,ja,ja,ja,ja,ja,,nein,nein,nein,nein,nein,nein,nein,ja,ja,ja,nein,ja,android,ja,ja,nein,ja,ja,nein,nein,,,,,ja,ja,ja,ja
D_848,02 - FRA,Light,geöffnet,,PBM Fahrzeug- und Reifenservice GmbH,Alleestraße 18,56410,Montabaur,Rheinland-Pfalz,50.440409,7.830411,(02602),17508,(02602),180847,pb848@franchise.euromaster.com,Lutz Pauly,,RL_09,"Bornkessel, Daniel","Erdmann, Ronny",Mion,Hackbarth,Dünner,Mion,B. Vieregge / Th. Knop / V. Deselears,848A,MO-FR 08:00-17:00 -Mittagspause keine-,nein,nein,ja,nein,nein,nein,ja,ja,600,600,nein,>8 Fahrzeuge pro Woche,KFZ - Meister,nein,V_AW4,10,848,5,,,,,nein,ja,,ja,ja,nein,ja,nein,nein,nein,nein,ja,nein,nein,ja,Stufe 1,nein,alle,alle,nein,2D,,,ja,ja,ja,nein,Rene Keller,,nein,nein,nein,ja,ja,nein,nein,ja,ja,ja,ja,nein,ja,ja,nein,nein,ja,ja,ja,ja,ja,ja,ja,ja,ja,ja,nein,,nein,nein,nein,nein,nein,nein,,,,nein,nein,android,nein,nein,nein,ja,nein,nein,nein,,,,,ja,ja,ja,ja
D_995,02 - FRA,Mixed,geöffnet,ehemals D_662,Auto & Reifenservice Reff,Ottostraße 20,84030,Landshut,Bayern,"48,554921","12,147313",(0871),975610,(0871),9756122,pb995@franchise.euromaster.com,Andreas Reff,01703837284,RL_15,"Schleger, Michael","Erdmann, Ronny",Schneider,Geier,Seiler,Morina,M.Windisch / Th. Knop / V. Deselears,995A,07:30-17:00-Mittagspause 12:00-13:00-Samstag geschlossen,ja,ja,ja,ja,nein,nein,ja,ja,800,300,nein,5-8 Fahrzeuge pro Woche,KFZ - Meister,ja,V_AW3,10,995,3,1,5,2,20,nein,nein,,ja,ja,ja,ja,ja,ja,ja,ja,ja,ja,ja,ja,Stufe 2,ja,alle,alle,nein,3D,ja,Rollenprüfstand,ja,ja,ja,nein,Kai Bohrmann,,ja,nein,ja,ja,nein,ja,nein,ja,ja,ja,ja,ja,ja,ja,nein,nein,ja,ja,ja,ja,ja,ja,ja,ja,ja,ja,ja,nein,nein,ja,nein,nein,ja,nein,ja,ja,nein,nein,ja,android,ja,ja,ja,Dexter,ja,nein,nein,ja,,,,ja,ja,ja,ja
D_886,02 - FRA,Mixed,geöffnet,ehemals D_361,Pro Tire Reifen & Autoservice GmbH,An der Pottenau 7,33609,Bielefeld,Nordrhein-Westfalen,"52,033264","8,546691",(0521),31048,,,pb886@franchise.euromaster.com,Artur Riemer,,RL_04,"Bernsmeier, Olaf","Blank, Michael",Mion,Otte,Steinmann,Reinekirchen,B. Vieregge / Th. Knop / V. Deselears,886A,"Mo-Do. 8:00-12:00 /13:00-17:00Uhr, Fr. 8:00-12:00Uhr, 13:00-16:00Uhr, Samstag geschlossen",nein,ja,ja,nein,nein,nein,ja,ja,1000,200,nein,5-8 Fahrzeuge pro Woche,KFZ - Meister,ja,V_AW3,10,886,5,2,4m,3m,17,ja,,,ja,ja,ja,nein,nein,nein,nein,nein,ja,nein,nein,ja,Stufe 2,ja,alle,134a,nein,3D,nein,Rollenprüfstand,ja,nein,ja,nein,Manuel Müller,,ja,nein,ja,nein,ja,nein,ja,ja,ja,ja,ja,ja,ja,ja,nein,nein,ja,nein,ja,ja,ja,ja,ja,ja,ja,ja,ja,nein,nein,nein,nein,nein,nein,nein,ja,ja,nein,nein,ja,android,ja,ja,ja,nein,ja,nein,nein,,,,,ja,ja,ja,ja
D_950-02,02 - FRA,Mixed,geöffnet,ehemals D_331,KFZ-Frömling Lasczyk und Weishaupt GbR,Riemker Straße 3,44809,Bochum,Nordrhein-Westfalen,"51,508057","7,187625",(0234),54591,,,pb950-02@franchise.euromaster.com,,,RL_07,"Franzen, Bernd","Blank, Michael",Mion,Pater,Dünner,Mion,B. Vieregge / Th. Knop / V. Deselears,950B,8-17-Mittagspause keine-Samstag geschlossen,ja,ja,ja,nein,nein,nein,ja,ja,1000,500,ja,5-8 Fahrzeuge pro Woche,KFZ - Meister,ja,V_AW4,10,950-02,4,1,4,2,50,nein,nein,12,ja,ja,ja,nein,ja,ja,ja,ja,ja,ja,ja,ja,Stufe 2,ja,alle,alle,ja,3D,ja,Plattenprüfstand,ja,ja,ja,ja,Rene Keller,2,ja,ja,ja,ja,ja,ja,ja,ja,ja,ja,ja,ja,ja,ja,ja,nein,ja,ja,ja,ja,ja,ja,ja,ja,ja,ja,ja,ja,nein,ja,nein,nein,ja,nein,ja,ja,ja,nein,ja,android,ja,ja,nein,nein,ja,nein,nein,ja,ja,ja,ja,ja,ja,ja,ja
D_950-03,02 - FRA,Light,geöffnet,ehemals D_319,KFZ-Frömling Lasczyk und Weishaupt GbR,Oskar-Hoffmann-Straße 61,44789,Bochum,Nordrhein-Westfalen,"51,474261","7,222071",(0234),308401,,,pb950-03@franchise.euromaster.com,,,RL_07,"Franzen, Bernd","Blank, Michael",Mion,Pater,Dünner,Mion,B. Vieregge / Th. Knop / V. Deselears,950C,8-17-Mittagspause keine-Samstag geschlossen,ja,ja,ja,nein,nein,nein,ja,ja,800,300,nein,5-8 Fahrzeuge pro Woche,KFZ - Meister,ja,V_AW4,10,950-03,3,1,3,2,20,nein,nein,,ja,ja,ja,nein,nein,nein,nein,nein,ja,nein,nein,ja,Stufe 2,ja,alle,alle,ja,3D,ja,Plattenprüfstand,ja,ja,ja,nein,Rene Keller,,ja,nein,ja,ja,ja,ja,ja,ja,ja,ja,ja,ja,ja,ja,ja,nein,nein,ja,ja,ja,ja,ja,ja,ja,ja,ja,ja,ja,nein,nein,nein,nein,nein,nein,ja,ja,ja,nein,ja,android,ja,ja,nein,nein,ja,nein,nein,ja,,,,ja,ja,ja,ja
D_847,02 - FRA,Light,geöffnet,ehemals D_314,KFZ Meisterbetrieb Mohallik,Höninger Weg 3,50969,Koeln,Nordrhein-Westfalen,"50,920908","6,941254",(0221),369068,,,pb847@franchise.euromaster.com,,,RL_09,"Bornkessel, Daniel","Erdmann, Ronny",Mion,Legermann,Dünner,Mion,B. Vieregge / Th. Knop / V. Deselears,847A,8-18-Mittagspause keine-Samstag 8-12 Uhr,ja,ja,ja,ja,nein,nein,ja,nein,800,400,nein,5-8 Fahrzeuge pro Woche,KFZ - Meister,ja,V_AW6,10,847,2,1,3,2,10,nein,nein,,ja,ja,nein,nein,nein,nein,nein,nein,nein,nein,nein,ja,Stufe 2,ja,alle,alle,ja,3D,nein,Plattenprüfstand,ja,ja,nein,nein,Rene Keller,,nein,nein,nein,ja,ja,ja,ja,ja,ja,ja,ja,ja,ja,ja,nein,nein,ja,ja,ja,ja,ja,ja,ja,ja,ja,ja,ja,nein,nein,nein,nein,nein,nein,nein,ja,ja,ja,nein,ja,android,nein,nein,nein,Dexter,ja,nein,nein,ja,,,,ja,ja,ja,nein
D_846,02 - FRA,Light,geöffnet,,Autohaus Leikeim GmbH,Hauptstraße 40,96275,Marktzeuln,Bayern,50.160058,"11,183912",(0957),4654950,,,pb846@franchise.euromaster.com,Harald Leikeim,,RL_05,"Seibel, Alexander","Blank, Michael",Schneider,N.N.,Seiler,Morina,M.Windisch / Th. Knop / V. Deselears,846A,07:30 - 18:00 Fr. bis 16:00-Mittagspause keine-Samstag saisonal,nein,nein,ja,nein,nein,nein,ja,ja,800,200,nein,0-4 Fahrzeuge pro Woche,KFZ - Meister,ja,V_AW3,10,846-01,5,2,3,2,15,ja,ja,,ja,ja,ja,nein,nein,nein,nein,nein,ja,nein,nein,ja,Stufe 3,ja,alle,alle,ja,3D,ja,Rollenprüfstand,ja,ja,nein,nein,,,ja,nein,nein,nein,nein,nein,nein,ja,ja,ja,ja,ja,ja,ja,nein,nein,ja,nein,ja,ja,ja,ja,ja,ja,ja,ja,ja,nein,nein,nein,nein,nein,nein,nein,ja,ja,nein,nein,ja,apple,ja,ja,ja,ja,ja,nein,nein,,,,,ja,ja,ja,nein
D_860,02 - FRA,Light,geöffnet,,Franz Auer GmbH & Co. KG,Hirschberger Ring 19a,94315,Straubing,Bayern,48.887123,12.609591,(09421),92040,,,pb860@franchise.euromaster.com,Lukas Auer,,RL_15,"Schleger, Michael","Erdmann, Ronny",Schneider,Geier,Seiler,Morina,M.Windisch / Th. Knop / V. Deselears,860A,"Mo.-Do. 07:00-17:00, Freitags 07:00 - 12:00-Mittagspause 12:00-13:00-Samstag saisonal",nein,nein,ja,nein,nein,nein,ja,ja,400,400,nein,5-8 Fahrzeuge pro Woche,KFZ - Meister,ja,V_AW3,10,860,4,3,4,2,30,ja,ja,0,ja,ja,ja,nein,nein,nein,nein,nein,nein,nein,nein,ja,Stufe 3,ja,alle,alle,nein,3D,ja,Rollenprüfstand,ja,ja,nein,nein,,,nein,nein,nein,nein,nein,nein,nein,nein,ja,nein,ja,ja,ja,ja,nein,nein,nein,nein,ja,ja,ja,ja,ja,ja,ja,ja,ja,nein,nein,nein,nein,nein,nein,nein,ja,ja,ja,nein,ja,Android,ja,ja,nein,ja,nein,nein,nein,,,,,ja,ja,ja,nein
D_139,02 - FRA,Mixed,geöffnet,,KFZ und Reifenservice Kloster GmbH,Hans-Großwendt-Ring 2a,66333,Völklingen,Saarland,49.239266,6.884962,(0681),926570,,,pb139@franchise.euromaster.com,,,RL_11,"Kin, Nazaret","Erdmann, Ronny",Mion,Hackbarth,Dünner,Mion,B. Vieregge / Th. Knop / V. Deselears,139A,08:00-17:00-Mittagspause 12:00-13:00-Samstag 08:00-12:00,nein,nein,ja,nein,nein,nein,ja,Ja,1500,3000,nein,0-4 Fahrzeuge pro Woche,Altgeselle,nein,V_AW4,10,139,4,4,4,2,10,ja,ja,6,ja,ja,ja,nein,ja,ja,ja,nein,ja,nein,ja,ja,Stufe 1,nein,alle,134a,nein,3D,ja,Rollenprüfstand,ja,nein,ja,nein,Kai Bohrmann,,ja,,ja,nein,ja,nein,ja,ja,ja,ja,nein,ja,ja,ja,nein,nein,nein,nein,ja,ja,ja,ja,ja,ja,ja,ja,ja,ja,nein,ja,nein,nein,ja,nein,ja,ja,ja,nein,nein,ios,ja,nein,nein,ja,nein,nein,nein,,,,,ja,ja,ja,ja
D_890,02 - FRA,Light,geöffnet,ehemals D_119,KFZ-Spezialisten Team GmbH,Hamburger Str. 5,21339,Lüneburg,Niedersachsen,"53,267001","10,405039",(04131),36073,,,pb890@franchise.euromaster.com,Timo Wagner,015114433450,RL_01,"Witt, Ronald","Blank, Michael",Schneider,Uterhardt,Steinmann,Reinekirchen,B. Vieregge / Th. Knop / V. Deselears,890B,"08-17 Uhr, Fr bis 14:30 Uhr-Mittagspause keine-",nein,nein,ja,nein,nein,nein,nein,ja,1000,200,nein,5-8 Fahrzeuge pro Woche,KFZ - Meister,nein,V_AW5,10,890,3,1,3,3,10,nein,ja,,ja,ja,nein,ja,nein,nein,nein,nein,ja,nein,nein,ja,Stufe 2,nein,alle,alle,ja,3D,ja,Rollenprüfstand,ja,nein,ja,nein,Jack van der Zon,,nein,nein,nein,nein,ja,nein,ja,nein,ja,ja,ja,ja,ja,ja,ja,nein,ja,ja,ja,ja,ja,ja,ja,ja,ja,ja,nein,nein,nein,nein,nein,nein,nein,nein,ja,ja,ja,nein,ja,,nein,nein,ja,ja,ja,nein,nein,,,,,ja,ja,ja,ja
D_148,02 - FRA,Light,geöffnet,,Maiers Autowelt,Gänsäcker 13/1,78532,Tuttlingen,Baden-Württemberg,47.959381,8.782675,(07462),923232,,,pb148@franchise.euromaster.com,Rudolf Maier,015757796495,RL_14,"Vogler, Daniel","Erdmann, Ronny",Schneider,Hampel,Seiler,Morina,M.Windisch / Th. Knop / V. Deselears,148A,08:00-18:00-Mittagspause 12:00-13:00-Samstag 10:00-14:00,nein,nein,ja,nein,nein,nein,ja,ja,1000,500,nein,>8 Fahrzeuge pro Woche,KFZ - Meister,ja,V_AW4,10,148,4,1,5,3,25,nein,ja,0,ja,ja,ja,nein,nein,nein,nein,nein,ja,nein,nein,ja,Stufe 1,nein,alle,alle,ja,3D,nein,Rollenprüfstand,ja,nein,ja,nein,Kai Bohrmann,,nein,nein,nein,ja,nein,nein,nein,ja,ja,nein,nein,ja,ja,ja,nein,nein,ja,ja,nein,ja,ja,ja,ja,ja,ja,ja,ja,nein,nein,nein,nein,nein,nein,nein,ja,ja,nein,nein,ja,Android,nein,ja,nein,Dexter,ja,nein,nein,,,,,ja,ja,ja,ja
D_619,02 - FRA,Light,geöffnet,,ProLine GmbH,Im Sulzhau 4,72250,Freudenstadt,Baden-Württemberg,"48,483252","8,409271",(07441),924800,,,pb619@franchise.euromaster.com,Tobias Haug,,RL_12,"Willmann, Sascha","Erdmann, Ronny",Schneider,Hampel,Seiler,Morina,M.Windisch / Th. Knop / V. Deselears,619A,"08:00 - 16:30 Uhr, Samstag geschlossen",nein,nein,nein,ja,nein,nein,,,,,nein,,,nein,V_AW6,10,619,,,,,,,,,,,,,,,,,,,,,,,,,,,,,,,nein,nein,,,,,nein,nein,ja,nein,nein,nein,nein,ja,nein,ja,ja,ja,nein,nein,ja,nein,ja,,,,,,,,,,,,,,,,,,,,,,nein,ja,nein,ja,ja,nein,nein,,,,,ja,ja,nein,nein
D_844,02 - FRA,Light,geöffnet,ehemals D_633,Auto Leikeim GmbH,Laubanger 3A,96052,Bamberg,Bayern,"49,907531","10,879973",(0951),65167,,,pb844@franchise.euromaster.com,David Davies,,RL_05,"Seibel, Alexander","Blank, Michael",Schneider,N.N.,Seiler,Morina,M.Windisch / Th. Knop / V. Deselears,844A,"08:00-12:00 & 13:00-17:00, Samstag geschlossen",nein,ja,ja,ja,nein,nein,ja,ja,800,200,nein,0-4 Fahrzeuge pro Woche,KFZ - Meister,ja,V_AW3,10,844,4,2,4,1.5,12,nein,ja,0 MA,ja,nein,ja,ja,nein,nein,nein,nein,ja,nein,nein,ja,Stufe 3,ja,Ja,alle,nein,3D,ja,Plattenprüfstand,ja,ja,ja,nein,Manuel Müller,,ja,nein,ja,ja,nein,ja,ja,ja,ja,ja,nein,ja,ja,ja,ja,ja,ja,ja,ja,ja,ja,ja,ja,ja,ja,ja,ja,nein,nein,nein,nein,nein,nein,nein,ja,ja,nein,nein,ja,apple,ja,ja,ja,ja,ja,nein,nein,ja,,,,ja,ja,ja,ja
D_624,02 - FRA,Light,geöffnet,,Kfz-Technik Wild,Dodoweg 39,26386,Wilhelmshaven,Niedersachsen,"53,558418","8,099174",(04421),507080,,,pb624@franchise.euromaster.com,Daniel Wild,0176 72755779,RL_02,"Nüßler, Martin","Blank, Michael",Schneider,Kemnitz,Steinmann,Reinekirchen,B. Vieregge / Th. Knop / V. Deselears,624A,07:30-18:00 Fr. 07:30-16:00-Mittagspause keine-Samstag geschlossen,nein,ja,ja,nein,nein,nein,ja,ja,250,0,nein,0-4 Fahrzeuge pro Woche,KFZ - Meister,ja,V_AW3,10,624,5,,,,,ja,,,ja,ja,ja,nein,nein,nein,nein,nein,,,,ja,Stufe 2,,,,,,,,ja,,ja,nein,Jack van der Zon,,ja,nein,nein,nein,nein,ja,ja,ja,nein,nein,nein,ja,ja,ja,nein,nein,ja,nein,nein,ja,ja,ja,ja,ja,ja,ja,ja,ja,nein,ja,ja,ja,ja,ja,ja,ja,nein,nein,nein,android,ja,ja,ja,Dexter,ja,nein,nein,,,,,ja,ja,ja,ja
D_404,02 - FRA,Light,geöffnet,,Reparaturservice Afschar KG,Hasenkamp 25a,25482,Appen,Schleswig-Holstein,"53,655846","9,753245",(04101),5901342,,,pb404@franchise.euromaster.com,Nahdi Afschar,,RL_01,"Witt, Ronald","Blank, Michael",Schneider,Uterhardt,Steinmann,Reinekirchen,B. Vieregge / Th. Knop / V. Deselears,404A,08:00-18:00- Mittagspause keineSamstag geschlossen,nein,nein,ja,nein,nein,nein,ja,ja,ja,ja,nein,5-8 Fahrzeuge pro Woche,KFZ - Meister,ja,V_AW4,10,404,4,1,3,,,ja,,,ja,ja,ja,nein,nein,nein,nein,nein,ja,nein,nein,ja,Stufe 1,nein,,alle,nein,3D,,Rollenprüfstand,ja,nein,ja,nein,Jack van der Zon,,nein,nein,nein,nein,nein,nein,nein,ja,nein,nein,nein,ja,ja,nein,nein,nein,nein,ja,nein,ja,ja,ja,ja,ja,ja,ja,ja,nein,nein,nein,nein,ja,ja,ja,ja,ja,ja,nein,ja,android,nein,nein,ja,nein,ja,nein,nein,,,,,ja,ja,ja,ja
D_975,02 - FRA,Light,geöffnet,,Autohaus Englhart GmbH,Maxlrainer Str. 2,83104,Beyharting,Bayern,47.925145,11.989474,(08065),90660,,,pb975@franchise.euromaster.com,Andreas Zimmerer,,RL_15,"Schleger, Michael","Erdmann, Ronny",Schneider,N.N.,Seiler,Morina,M.Windisch / Th. Knop / V. Deselears,975A,07:30-17:30--,nein,nein,ja,nein,nein,nein,ja,ja,400,50,nein,5-8 Fahrzeuge pro Woche,KFZ - Meister,ja,V_AW4,10,975,4,0,,,15,ja,ja,0,ja,nein,nein,nein,nein,nein,nein,nein,ja,nein,nein,ja,Stufe 3,ja,alle,alle,nein,3D,ja,Rollenprüfstand,ja,ja,ja,nein,Kai Bohrmann,,nein,nein,nein,ja,nein,nein,nein,ja,nein,ja,nein,ja,ja,ja,nein,nein,ja,ja,ja,ja,ja,ja,ja,ja,ja,ja,ja,nein,nein,nein,nein,nein,nein,nein,ja,ja,nein,nein,ja,android,ja,ja,nein,ja,ja,nein,nein,ja,,,,ja,ja,ja,ja
D_184,02 - FRA,Light,geöffnet,,Automol GmbH,Karl-Englert-Str. 35-39,46236,Bottrop,Nordrhein-Westfalen,"51,518405","6,932661",(02041),66666,,,pb184@franchise.euromaster.com,Fatih Baytemür,02041/66666,RL_07,"Franzen, Bernd","Blank, Michael",Mion,Zimmermann,Dünner,Mion,B. Vieregge / Th. Knop / V. Deselears,184A,8-17-Mittagspause keine-Samstag geschlossen,nein,nein,ja,nein,nein,nein,ja,ja,1000,500,nein,>8 Fahrzeuge pro Woche,KFZ - Meister,ja,V_AW5,10,184,5,2,3.9,2,10,ja,ja,6,ja,ja,ja,nein,nein,nein,nein,nein,ja,nein,nein,ja,Stufe 2,ja,alle,alle,ja,3D,nein,Rollenprüfstand,ja,ja,ja,nein,Rene Keller,0,nein,nein,nein,nein,nein,nein,nein,ja,nein,nein,nein,ja,ja,ja,nein,nein,ja,nein,nein,ja,ja,ja,ja,ja,ja,ja,ja,nein,nein,nein,nein,nein,nein,nein,ja,ja,ja,ja,ja,Android,nein,nein,nein,ja,ja,nein,nein,,,,,ja,ja,ja,ja
D_997,02 - FRA,Mixed,geöffnet,,Auto Doktor GmbH,Nordring 14,63500,Selingenstadt,Hessen,50.053007,8.965845,(06182),7744908,,,pb997@franchise.euromaster.com,Imran Ahmed,06182-7744908,RL_10,"Teige, Eric","Erdmann, Ronny",Mion,Bulut,Dünner,Mion,B. Vieregge / Th. Knop / V. Deselears,997B,08:00-17:00-Mittagspause 12:00-13:00-Samstag 09:00-13:00,nein,ja,ja,nein,nein,nein,ja,ja,200,200,nein,5-8 Fahrzeuge pro Woche,KFZ - Meister,ja,V_AW6,10,997,3,,3,1.5,5,nein,nein,,ja,ja,ja,nein,nein,nein,nein,nein,ja,nein,nein,ja,Stufe 1,nein,alle,alle,ja,nein,,Plattenprüfstand,ja,nein,ja,nein,Kai Bohrmann,,,,nein,nein,nein,nein,ja,ja,nein,nein,nein,ja,ja,ja,nein,nein,ja,nein,ja,ja,ja,ja,ja,ja,ja,ja,ja,nein,nein,nein,nein,nein,nein,nein,ja,ja,ja,ja,nein,ios,ja,ja,ja,ja,ja,nein,nein,,,,,ja,ja,ja,ja
D_494-03,02 - FRA,Mixed,geöffnet,ehemals D_201,Autobetriebe Lehmann GmbH,Büdner Str. 17,19057,Schwerin,Mecklenburg Vorpommern,53.649733,11.387041,(0385),4864061,,,pb494-03@franchise.euromaster.com,Karsten Goldberg,,RL_03,"Abram, Marcus","Blank, Michael",Schneider,Pahnke,Woydelko,Woydelko,B. Vieregge / Th. Knop / V. Deselears,494C,Mo.-Do. 08.00-17.00 Fr. 08.00-16.00-Mittagspause keine-,nein,ja,ja,nein,nein,nein,ja,ja,500,120,nein,5-8 Fahrzeuge pro Woche,KFZ - Meister,ja,V_AW4,10,494-03,4,1,4,1,25,nein,ja,0 MA,ja,ja,ja,nein,ja,ja,ja,ja,ja,ja,ja,ja,Stufe 1,nein,Ja,alle,nein,3D,nein,Plattenprüfstand,ja,nein,ja,nein,Manuel Müller,,ja,ja,nein,nein,nein,nein,nein,ja,nein,ja,ja,nein,ja,ja,nein,nein,nein,nein,ja,,,,,,,,,,,,,,,,,,,,,,nein,ja,nein,ja,ja,nein,nein,,,,,ja,ja,ja,ja
D_739-01,02 - FRA,Heavy,geöffnet,,KDM Reifenhandel,Friesenheimer Straße 7e,68169,Mannheim,Baden-Württemberg,49.511084,8.453217,(0621),97862484,(0621),97862499,pb739-01@franchise.euromaster.com,Ferhat Kiran,,RL_11,"Kin, Nazaret","Erdmann, Ronny",Mion,Mis,Seiler,Morina,M.Windisch / Th. Knop / V. Deselears,739A,"08:00 - 12:00 und 13:00 - 17:00 Uhr, Samstag geschlossen",nein,nein,nein,nein,nein,nein,,,,,nein,,,nein,V_AW4,10,739-01,,,,,,,,,,,,,ja,ja,ja,ja,ja,ja,ja,,,,Ja,Ja,,,ja,Rollenprüfstand,ja,,nein,nein,,,nein,ja,ja,nein,ja,nein,nein,ja,nein,ja,ja,nein,ja,ja,ja,nein,nein,nein,ja,,,,,,,,,,ja,ja,ja,ja,ja,nein,,ja,,,,,ja,ja,nein,ja,nein,nein,nein,,,,,ja,ja,nein,nein
D_739-02,02 - FRA,Light,geöffnet,ehemals D_721,KDM Reifenhandel,Untermühlaustraße 105-109,68169,Mannheim,Baden-Württemberg,"49,510839","8,469822",(0621),312095,(0621),312096,pb739-02@franchise.euromaster.com,,,RL_11,"Kin, Nazaret","Erdmann, Ronny",Mion,Mis,Seiler,Morina,M.Windisch / Th. Knop / V. Deselears,739B,"08:00 - 17:00 Uhr, Samstag geschlossen",ja,ja,ja,nein,nein,nein,ja,ja,500,30,nein,>8 Fahrzeuge pro Woche,KFZ - Meister,ja,V_AW4,10,739-02,3,1,5,1.5,10,nein,ja,0 MA,ja,ja,ja,nein,nein,nein,nein,nein,ja,nein,nein,ja,Stufe 2,ja,Ja,Ja,nein,ja,ja,ja,ja,nein,ja,nein,Kai Bohrmann,,ja,nein,nein,ja,ja,nein,nein,ja,ja,ja,ja,ja,ja,ja,ja,ja,ja,ja,ja,ja,ja,ja,ja,ja,ja,ja,ja,,,,,,nein,ja,ja,ja,,,,,ja,ja,nein,ja,ja,nein,nein,,,,,ja,ja,ja,ja
D_902,02 - FRA,Light,geöffnet,,Karlau GmbH,Obendeich 10,25348,Engelbrechtsche Wildnis,Schleswig-Holstein,"53,774967","9,467661",(04124),2605,(04124),2278,pb902@franchise.euromaster.com,Kevin Langschwager,,RL_01,"Witt, Ronald","Blank, Michael",Schneider,Uterhardt,Steinmann,Reinekirchen,B. Vieregge / Th. Knop / V. Deselears,902C,"Mo.-Do. 07:30 - 12:30 und 13:0 - 17:00, Fr. 07:30 - 15:00; Samstag geschlossen",nein,nein,ja,nein,nein,nein,nein,ja,100,100,nein,0-4 Fahrzeuge pro Woche,KFZ - Meister,ja,V_AW4,10,902,4,1,3,2,10,nein,ja,0,ja,ja,ja,nein,nein,nein,nein,nein,ja,nein,nein,ja,Stufe 1,nein,alle,alle,nein,2D,nein,Rollenprüfstand,ja,nein,nein,nein,Jack van der Zon,0,nein,nein,nein,nein,nein,nein,ja,ja,ja,ja,nein,ja,ja,nein,ja,ja,nein,nein,nein,ja,ja,ja,ja,ja,ja,nein,nein,nein,nein,nein,nein,nein,nein,nein,ja,ja,nein,nein,nein,android,ja,nein,nein,ja,ja,nein,nein,,,,,ja,ja,ja,nein
D_907,02 - FRA,Light,geöffnet,,KFZ Zentrum Bad Bramstedt GmbH,Tegelbarg 11,24576,Bad Bramstedt,Schleswig-Holstein,53.928978,9.892711,(0192),9054531,,,pb907@franchise.euromaster.com,Melih Harum Biyik,,RL_01,"Witt, Ronald","Blank, Michael",Schneider,Uterhardt,Steinmann,Reinekirchen,B. Vieregge / Th. Knop / V. Deselears,907B,Mo-Fr. 08:00 - 17:00,nein,ja,ja,nein,nein,nein,nein,nein,400,400,nein,>8 Fahrzeuge pro Woche,KFZ - Meister,ja,V_AW4,10,907,4,1,3,2,7,nein,ja,8,ja,ja,ja,nein,nein,nein,nein,nein,ja,nein,nein,ja,Stufe 1,nein,alle,alle,nein,nein,nein,Rollenprüfstand,ja,nein,nein,nein,,0,nein,nein,nein,nein,nein,nein,nein,ja,ja,ja,ja,ja,ja,ja,ja,ja,ja,ja,nein,ja,ja,ja,ja,ja,ja,nein,nein,nein,nein,nein,nein,nein,nein,nein,ja,ja,nein,nein,nein,android,nein,nein,nein,nein,nein,nein,nein,,,,,ja,ja,ja,nein
D_918,02 - FRA,Light,geöffnet,,Autohaus Iser GmbH,Feldstr. 11,64319,Pfungstadt,Hessen,"49,810776","8,60059",(06157),82026,(06157),82093,pb918@franchise.euromaster.com,Frank Hamann,,RL_10,"Teige, Eric","Erdmann, Ronny",Mion,Bulut,Dünner,Mion,B. Vieregge / Th. Knop / V. Deselears,918A,MO-DO 08:00-17:30; Fr 08:00-15:00,nein,ja,ja,nein,nein,nein,ja,ja,960,160,nein,5-8 Fahrzeuge pro Woche,KFZ - Meister,ja,V_AW6,10,918,5,4,4.5,1,10,ja,ja,,ja,ja,ja,nein,nein,nein,nein,nein,ja,nein,nein,ja,Stufe 1,nein,alle,alle,nein,nein,nein,Rollenprüfstand,ja,nein,ja,nein,Kai Bohrmann,nein,nein,nein,nein,ja,nein,nein,ja,ja,ja,ja,ja,ja,ja,ja,ja,ja,ja,ja,nein,ja,ja,ja,ja,ja,ja,ja,ja,nein,nein,nein,nein,nein,nein,nein,ja,ja,ja,nein,nein,android,ja,nein,nein,ja,ja,nein,nein,,,,,ja,ja,nein,ja
D_877,02 - FRA,Light,geöffnet,,Jens Probst Automobile,Sulzbrunnenstr. 16,74564,Crailsheim,Baden-Württemberg,49.11961,10.09137,(07951),91220,,,pb877@franchise.euromaster.com,Jens Probst,,RL_13,"Ehrlinger, Steffen","Erdmann, Ronny",Mion,Burger,Seiler,Morina,M.Windisch / Th. Knop / V. Deselears,877A,"08:00 - 17:00 Uhr, Samstag geschlossen",nein,nein,ja,nein,nein,nein,ja,,,50,nein,>8 Fahrzeuge pro Woche,KFZ - Meister,ja,V_AW4,10,877,5,2,4.0,2,15,ja 11 kw ,ja,ja,ja,ja,ja,nein,nein,nein,nein,nein,ja,nein,nein,ja,Stufe 1,ja,alle,alle,ja,3D,nein,Rollenprüfstand,ja,ja,ja,nein,Manuel Müller,nein,nein,nein,nein,nein,nein,nein,nein,nein,ja,gewünscht,gewünscht,gewünscht,gewünscht,gewünscht,ja,gewünscht,gewünscht,ja,gewünscht,ja,ja,ja,ja,ja,ja,ja,ja,nein,nein,nein,nein,nein,nein,nein,ja,ja,ja,ja,nein,android,nein,nein,ja,ja,nein,nein,nein,ja,,,,ja,ja,ja,ja
D_886-02,02 - FRA,Mixed,geöffnet,ehemals D_369,Protire Reifen & Autoservice GmbH,Hammer Straße 325,48153,Münster,Nordrhein-Westfalen,"51,931223","7,627309",(0251),760050,(0251),7600522,pb886-02@franchise.euromaster.com,Alexander Lohmann,,RL_04,"Bernsmeier, Olaf","Blank, Michael",Mion,Otte,Steinmann,Reinekirchen,B. Vieregge / Th. Knop / V. Deselears,886B,"Mo-Do 08:00 - 12:00 und 13.00-17:00 Uhr, Fr. 8.00-12:00 und 13:00-15:30Uhr, Samstag geschlossen",nein,ja,ja,ja,nein,nein,ja,ja,500,0,nein,>8 Fahrzeuge pro Woche,KFZ - Meister,ja,V_AW4,10,886-02,4,3,2.85,0.5,10,Ladekabel Hochvolt,nein,0 MA,ja,ja,ja,nein,ja,ja,nein,ja,ja,ja,ja,ja,Stufe 3,ja,Ja,alle,nein,ja,nein,ja,ja,nein,ja,nein,Jack van der Zon,1,ja,ja,nein,nein,nein,ja,ja,nein,gewünscht,gewünscht,gewünscht,gewünscht,gewünscht,gewünscht,gewünscht,gewünscht,gewünscht,ja,gewünscht,ja,ja,ja,ja,ja,ja,ja,ja,nein,nein,ja,nein,nein,nein,nein,ja,ja,ja,nein,nein,android,nein,nein,ja,nein,ja,nein,nein,,,,,ja,ja,ja,ja
D_231-01,02 - FRA,Light,geöffnet,,Autohaus Gross GmbH,Dieselstraße 5,92224,Amberg,Bayern,49.435886,11.88268,(09621),970000,,,pb231-01@franchise.euromaster.com,Christian Gross,,RL_13,"Ehrlinger, Steffen","Erdmann, Ronny",Schneider,N.N.,Seiler,Morina,M.Windisch / Th. Knop / V. Deselears,231A,"08:00 - 17:00 Uhr, Samstag geschlossen",nein,nein,ja,,nein,nein,ja,ja,300,10,nein,0-4 Fahrzeuge pro Woche,KFZ - Meister,ja,V_AW3,10,231-01,5,0,2.6,0.5,15,ja,ja,10 MA ,ja,ja,ja,nein,nein,nein,nein,nein,ja,nein,nein,ja,Stufe 3,ja,alle,alle,nein,nein,nein,Rollenprüfstand,nein,ja,nein,nein,,3,nein,nein,nein,nein,nein,nein,ja,ja,ja,ja,ja,ja,ja,ja,ja,ja,ja,ja,gewünscht,ja,ja,ja,ja,ja,ja,ja,ja,nein,nein,nein,nein,nein,nein,nein,ja,ja,ja,nein,nein,android,ja,ja,nein,ja,nein,nein,nein,ja,,,,ja,ja,ja,nein
D_231-02,02 - FRA,Light,geöffnet,,Autohaus Gross GmbH,Nabburger Straße 1,92272,Paulsdorf,Bayern,49.48333,11.98333,(09621),96004940,,,pb231-02@franchise.euromaster.com,Dennis Gross,,RL_13,"Ehrlinger, Steffen","Erdmann, Ronny",Schneider,N.N.,Seiler,Morina,M.Windisch / Th. Knop / V. Deselears,231B,"08:00 - 17:00 Uhr, Samstag geschlossen",nein,nein,ja,,nein,nein,ja,ja,400,100,nein,5-8 Fahrzeuge pro Woche,KFZ - Meister,ja,V_AW3,10,231-02,4,0,3.5,0.5,10,ja,ja,0 MA,ja,ja,ja,nein,nein,nein,nein,nein,ja,nein,nein,ja,Stufe 1,nein,alle,134a,nein,2D,nein,Rollenprüfstand,ja,ja,ja,nein,Manuel Müller,2,nein,nein,nein,nein,nein,nein,ja,ja,ja,ja,ja,ja,ja,ja,ja,ja,ja,ja,gewünscht,ja,ja,ja,ja,ja,ja,ja,ja,nein,nein,nein,nein,nein,nein,nein,ja,ja,ja,nein,nein,android,nein,nein,ja,ja,nein,nein,nein,ja,,,,ja,ja,ja,ja
D_185,02 - FRA,Light,geöffnet,ehemals D_336,KFZ Meisterbetrieb Drive Tech GmbH,Kirschbaumweg 20,50996,Koeln,Nordrhein-Westfalen,"50,873229","6,994353",(02236),675 98,(02236),66168,pb185@franchise.euromaster.com,Rabih El Hariri,,RL_09,"Bornkessel, Daniel","Erdmann, Ronny",Mion,Legermann,Dünner,Mion,B. Vieregge / Th. Knop / V. Deselears,185A,"Mo. - Fr. 08:00 - 18:00 Uhr, Samstag 08:00 - 12:00 Uhr",nein,nein,ja,ja,nein,nein,ja,ja,1690,100,nein,5-8 Fahrzeuge pro Woche,KFZ - Meister,ja,V_AW6,10,185,4,2,4,1,30,nein,ja,0 MA,ja,ja,ja,ja,nein,nein,nein,nein,ja,nein,nein,ja,Stufe 2,ja,Ja,alle,nein,ja,nein,ja,ja,nein,ja,nein,Rene Keller,1,ja,nein,ja,ja,nein,ja,ja,ja,gewünscht,gewünscht,gewünscht,gewünscht,gewünscht,gewünscht,gewünscht,gewünscht,gewünscht,gewünscht,gewünscht,ja,ja,ja,ja,ja,ja,ja,ja,nein,nein,nein,nein,nein,nein,nein,ja,ja,nein,ja,ja,android,nein,ja,ja,nein,ja,ja,ja,,,,,ja,ja,ja,ja
D_270,02 - FRA,Light,geöffnet,ehemals D_614,Haug GmbH,Höhenstraße 5A,70736,Stuttgart,Baden-Württemberg,"48,813432","9,260191",(0711),5204600,(0711),52046022,pb270@franchise.euromaster.com,Finja Haug,,RL_12,"Willmann, Sascha","Erdmann, Ronny",Mion,Burger,Seiler,Morina,M.Windisch / Th. Knop / V. Deselears,270B,"Mo. - Fr. 08:00 - 12:00 Uhr und 13:00 - 17:00 Uhr, Samstag geschlossen",ja,nein,ja,,nein,nein,ja,ja,1500,200,nein,0-4 Fahrzeuge pro Woche,Altgeselle,ja,V_AW6,10,270,4,1,3.5,1,12,Ladekabel Hochvolt,ja,0 MA,ja,ja,nein,nein,nein,nein,nein,nein,ja,nein,nein,ja,Stufe 2,ja,Ja,alle,nein,ja,nein,ja,ja,nein,ja,nein,Kai Bohrmann,,nein,nein,nein,ja,ja,ja,,,gewünscht,nicht gewünscht,gewünscht,nicht gewünscht,gewünscht,nicht gewünscht,gewünscht,nicht gewünscht,nicht gewünscht,nicht gewünscht,nicht gewünscht,,,,,,,,,,,,,,,,,,,,,,,,ja,,ja,nein,nein,,,,,ja,ja,ja,ja
D_275,02 - FRA,Mixed,geöffnet,ehemals D_275,Auto Technik Fulda GmbH,Frankfurter Straße 134,36043,Fulda,Hessen,"50,528096","9,677533",(0172),3200443,,,pb275@franchise.euromaster.com,Victor Zoske,,RL_05,"Seibel, Alexander","Blank, Michael",Schneider,Hundeshagen,Dünner,Mion,B. Vieregge / Th. Knop / V. Deselears,275A,"Mo. - Fr. 07:30 - 17:00 Uhr, Samstag geschlossen",nein,ja,ja,nein,nein,nein,ja,ja,200,5,nein,0-4 Fahrzeuge pro Woche,KFZ - Meister,ja,V_AW3,10,275,4,1,3.8,1.8,6,nein,ja,0 MA,ja,ja,ja,ja,ja,ja,ja,ja,ja,ja,ja,ja,Stufe 1,nein,Ja,alle,nein,2D,nein,ja,ja,nein,ja,nein,Kai Bohrmann,1,ja,ja,ja,nein,ja,nein,ja,ja,gewünscht,gewünscht,gewünscht,gewünscht,gewünscht,gewünscht,gewünscht,gewünscht,gewünscht,gewünscht,gewünscht,ja,ja,ja,ja,ja,ja,ja,ja,nein,nein,ja,nein,nein,ja,nein,ja,ja,ja,ja,ja,android,ja,ja,nein,nein,ja,nein,nein,,,,,ja,ja,ja,ja
D_531,02 - FRA,Light,geöffnet,,Autotechnik Ickert ,Industrie Str. 15,65549,Limburg an der Lahn,Hessen,"50,37608","8,05454",(06431),94700,(06431),9470019,pb531@franchise.euromaster.com,Eugen Ickert,,RL_09,"Bornkessel, Daniel","Erdmann, Ronny",Mion,Bulut,Dünner,Mion,B. Vieregge / Th. Knop / V. Deselears,531A,"Mo. - Fr. 08:00 - 12:00 Uhr und 13:00-18:00, Samstag geschlossen",nein,nein,ja,nein,nein,nein,ja,ja,550,50,nein,0-4 Fahrzeuge pro Woche,KFZ - Meister,ja,V_AW6,10,531,5,5,4,2,20,ja,ja,0,ja,ja,ja,nein,nein,nein,nein,nein,ja,nein,nein,ja,Stufe 2,ja,alle,alle,ja,2D,nein,Rollenprüfstand,ja,ja,ja,ja,Rene Keller,0,nein,nein,nein,nein,nein,nein,ja,nein,gewünscht,gewünscht,gewünscht,gewünscht,gewünscht,gewünscht,gewünscht,gewünscht,gewünscht,gewünscht,nicht gewünscht,ja,ja,ja,ja,ja,ja,ja,ja,nein,nein,nein,nein,nein,nein,nein,ja,ja,ja,ja,nein,android,ja,ja,nein,ja,nein,nein,nein,,,,,ja,ja,ja,ja
D_380,02 - FRA,Light,geöffnet,Zuvor FRP D_145,CS Autotechnik GbR,Laichwiesenweg 4,86453,Dasing,Bayern,48.394021,11.053751,(08205),4619833,(08205),4619832,pb380@franchise.euromaster.com,Ertunc Yilmaz,,RL_13,"Ehrlinger, Steffen","Erdmann, Ronny",Schneider,N.N.,Seiler,Morina,M.Windisch / Th. Knop / V. Deselears,380A,08:00-18:00-Mittagspause 12:00 - 13:00 Uhr-Samstag 09:00 - 13:00 Uhr,ja,ja,ja,nein,nein,nein,ja,ja, , ,nein,0-4 Fahrzeuge pro Woche,,ja,V_AW5,10,380,,,,,,nein,,,ja,ja,ja,ja,nein,nein,nein,nein,ja,,nein,ja,Stufe 1,,,,,,,,ja,,ja,ja,Kai Bohrmann,,nein,nein,ja,ja,ja,nein,nein,nein,gewünscht,gewünscht,gewünscht,gewünscht,gewünscht,gewünscht,gewünscht,gewünscht,gewünscht,gewünscht,gewünscht,ja,ja,ja,ja,ja,ja,ja,ja,nein,nein,nein,nein,nein,nein,nein,ja,ja,ja,nein,ja,,nein,nein,ja,Stümpel,ja,nein,nein,,,,,ja,ja,ja,ja
D_315-02,02 - FRA,Light,geöffnet,,Drivefinity GmbH,Piccoloministraße 4,51063,Köln-Chorweiler,Nordrhein-Westfalen,"50,969744","7,0262786",(0221),42300796,,,pb315-02@franchise.euromaster.com,Nusret Özbek,,RL_09,"Bornkessel, Daniel","Erdmann, Ronny",Mion,Legermann,Dünner,Mion,B. Vieregge / Th. Knop / V. Deselears,315C,"09:00 - 17:00 Uhr, Samstag 09:00 - 13:00",nein,ja,ja,,nein,nein,,,,,,,,ja,V_AW5,10,315-02,,,,,,,,,,,,,,,,,,,,,,,,,,,,,,,ja,nein,Rene Keller,,,,,ja,ja,nein,,,gewünscht,gewünscht,gewünscht,gewünscht,gewünscht,gewünscht,gewünscht,gewünscht,gewünscht,gewünscht,nicht gewünscht,,,,,,,,,,,,,,,,,,,,,,,,ja,,nein,,,,,,,ja,ja,nein,ja
D_315-01,02 - FRA,Light,geöffnet,,Drivefinity GmbH,Theodor-Heuss-Straße 45,51149,Köln,Nordrhein-Westfalen,50.897737,7.067696,(02203),980120,,,pb315-01@franchise.euromaster.com,Kenan Özbek,,RL_09,"Bornkessel, Daniel","Erdmann, Ronny",Mion,Legermann,Dünner,Mion,B. Vieregge / Th. Knop / V. Deselears,315B,"Mo. - Fr. 08:00 - 17:00 Uhr, Samstag 09:00-14:00",nein,ja,ja,,nein,nein,,,,,,,,ja,V_AW6,10,315-01,,,,,,,,,,,,,,,,,,,,,,,,,,,,,,,ja,nein,Rene Keller,,,,,ja,ja,nein,,,gewünscht,gewünscht,gewünscht,gewünscht,gewünscht,gewünscht,gewünscht,gewünscht,gewünscht,gewünscht,nicht gewünscht,,,,,,,,,,,,,,,,,,,,,,,,ja,,nein,,,,,,,ja,ja,ja,ja
D_868,02 - FRA,Light,geöffnet,,Motorfahrzeuge & Marinetechnik Kamper,Krefelder Str. 182,41748,Viersen,Nordrhein-Westfalen,51.2611816,6.4112633,(02162),8160130,,,pb868@franchise.euromaster.com,Hans Georg Kamper,,RL_08,"Girzycki, Damian","Erdmann, Ronny",Mion,Warzocha,Dünner,Mion,B. Vieregge / Th. Knop / V. Deselears,868B,"Mo. - Fr. 09:00 - 17:30 Uhr, Samstag 09:00-13:00",nein,ja,ja,ja,nein,nein,ja,ja,nein,nein,nein,>8 Fahrzeuge pro Woche,KFZ - Meister,ja,V_AW4,10,868,5,2,4,,20,ja,ja,,ja,ja,ja,nein,nein,nein,nein,nein,ja,nein,nein,ja,Stufe 3,ja,alle,alle,ja,3D,ja,Rollenprüfstand,ja,ja,ja,nein,Rene Keller,0,nein,nein,nein,ja,nein,nein,nein,ja,gewünscht,gewünscht,gewünscht,gewünscht,gewünscht,gewünscht,gewünscht,gewünscht,gewünscht,gewünscht,nicht gewünscht,ja,ja,ja,ja,ja,ja,ja,ja,ja,ja,nein,nein,nein,nein,nein,ja,ja,ja,ja,ja,android,nein,ja,ja,ja,ja,nein,nein,,,,,ja,ja,ja,ja
D_967,02 - FRA,Light,geöffnet,,PS Autogalerie GmbH,Kirschweiler Mühle 5,55743,Kirschweiler,Rheinland-Pfalz,52.516181,13.376935,(06781),5697100,(06781),5697109,pb967@franchise.euromaster.com,Philipp Stutz,,RL_11,"Kin, Nazaret","Erdmann, Ronny",Mion,Hackbarth,Dünner,Mion,B. Vieregge / Th. Knop / V. Deselears,967A,Mo. - Fr. 08:00 - 1300 Uhr 14:00-17:00 Uhr Samstag geschlossen,nein,nein,nein,,nein,nein,ja,ja,ja,ja,,5-8 Fahrzeuge pro Woche,,,V_AW5,10,967,,,,,50,,,,nein,nein,nein,nein,nein,nein,nein,nein,ja,nein,nein,ja,Stufe 2,,alle,alle,,3D,,,ja,,ja,nein,Kai Bohrmann,,nein,nein,nein,nein,nein,nein,ja,nein,gewünscht,gewünscht,gewünscht,gewünscht,gewünscht,gewünscht,gewünscht,gewünscht,gewünscht,gewünscht,gewünscht,ja,ja,ja,ja,ja,ja,ja,ja,nein,nein,nein,nein,nein,nein,nein,ja,ja,nein,ja,,android,,,nein,ja,nein,,,,,,,ja,ja,ja,ja
D_228,02 - FRA,Light,geöffnet,,Autohaus Thomas Hilpert GmbH,Bahnhofstr. 4,14929,Treuenbrietzen,Rheinland-Pfalz,52.0922699,12.85847759,(033748),15609,(033748),70350,pb228@franchise.euromaster.com,Thomas Hilpert,,RL_06,"Duvigneau, Stephan","Blank, Michael",Schneider,Kloy,Woydelko,Woydelko,B. Vieregge / Th. Knop / V. Deselears,228A,"Mo-Fr. 08:00 - 17:00 Uhr , Samstag geschlossen",nein,ja,ja,,nein,nein,ja,ja,ja,ja,nein,5-8 Fahrzeuge pro Woche,KFZ - Meister,ja,V_AW4,10,228,5,2,4,2,30,ja,ja,10 MA,ja,ja,ja,nein,nein,nein,nein,nein,ja,nein,nein,ja,Stufe 3,ja,alle,alle,nein,3D,nein,Rollenprüfstand,ja,nein,ja,nein,Manuel Müller,0,nein,nein,nein,nein,nein,nein,ja,ja,gewünscht,gewünscht,gewünscht,gewünscht,gewünscht,gewünscht,gewünscht,gewünscht,gewünscht,gewünscht,gewünscht,ja,ja,ja,ja,ja,ja,ja,ja,nein,nein,nein,nein,nein,nein,nein,ja,ja,ja,ja,ja,apple,nein,ja,nein,ja,nein,nein,nein,,,,,ja,ja,ja,ja
D_364,02 - FRA,Mixed,geöffnet,,"FD Transport, Logistik, Handels- und Dienstleistungs GmbH",Industriestr. 60,32120,Hiddenhausen,Nordrhein-Westfalen,52.170612,8.600513,(05223),792380,,,pb364@franchise.euromaster.com,Julian Dix,,RL_04,"Bernsmeier, Olaf","Blank, Michael",Mion,Otte,Steinmann,Reinekirchen,B. Vieregge / Th. Knop / V. Deselears,364A,Mo. - Fr. 08:00 - 16:45 Uhr,nein,ja,ja,nein,nein,nein,ja,nein,ja,ja,,>8 Fahrzeuge pro Woche,KFZ - Meister,ja,V_AW4,10,364,2,2,4,4,5,nein,ja,10MA,ja,ja,ja,nein,ja,ja,nein,nein,ja,nein,ja,ja,Stufe 2,nein,alle,alle,nein,nein,nein,Rollenprüfstand,ja,nein,ja,nein,Manuel Müller,0,nein,nein,nein,nein,nein,nein,ja,ja,gewünscht,gewünscht,gewünscht,gewünscht,gewünscht,gewünscht,gewünscht,gewünscht,gewünscht,gewünscht,gewünscht,ja,ja,ja,ja,ja,ja,ja,ja,ja,ja,ja,ja,ja,ja,nein,ja,ja,nein,nein,nein,android,nein,nein,ja,ja,nein,nein,nein,nein,,,,ja,ja,nein,ja
D_226,02 - FRA,Mixed,geöffnet,ehemals D_637,FahrWerk GmbH,Weiher Straße 9,95448,Bayreuth,Bayern,49.95976,11.5992,(0921),5070840,,,pb226@franchise.euromaster.com,Stefan Zauner,,RL_05,"Seibel, Alexander","Blank, Michael",Schneider,N.N.,Seiler,Morina,M.Windisch / Th. Knop / V. Deselears,226B,"Mo. - Fr. 08:00 - 12:00 Uhr und 13:00 - 17:00 Uhr, Samstag geschlossen",nein,ja,ja,nein,nein,nein,ja,ja,ja,ja,ja,5-8 Fahrzeuge pro Woche,KFZ - Meister,ja,V_AW3,10,226,4,2,4,2,15,nein,ja,0,ja,ja,ja,nein,ja,ja,ja,ja,ja,ja,ja,ja,Stufe 3,ja,alle,alle,nein,3D,nein,Plattenprüfstand,ja,nein,ja,nein,Manuel Müller,1,ja,ja,nein,ja,ja,nein,ja,ja,gewünscht,gewünscht,gewünscht,gewünscht,gewünscht,gewünscht,gewünscht,gewünscht,gewünscht,gewünscht,gewünscht,ja,ja,ja,ja,ja,ja,ja,ja,nein,nein,ja,nein,nein,ja,ja,ja,ja,ja,nein,ja,android,ja,ja,ja,ja,ja,nein,nein,ja,,,,ja,ja,ja,ja
D_950-04,02 - FRA,Light,geöffnet,ehemals D_378 - Light,Kfz Frömling Lasczyk und Weishaupt GbR,Hallesche Str. 60,44143,Dortmund,Nordrhein-Westfalen,"51,51673507","7,5000534",(0231),5622520,,,pb950-04@franchise.euromaster.com,,,RL_07,"Franzen, Bernd","Blank, Michael",Mion,Pater,Dünner,Mion,B. Vieregge / Th. Knop / V. Deselears,950D,"Mo. - Fr. 08:00 - 18:00 Uhr, Samstag 08:00-12:00",nein,nein,ja,,nein,nein,ja,ja,ja,ja,,5-8 Fahrzeuge pro Woche,KFZ - Meister,ja,V_AW4,10,950-04,4,1,4,4,15,nein,nein,0,ja,ja,ja,nein,nein,nein,nein,nein,ja,nein,,ja,Stufe 3,ja,alle,alle,ja,3D,ja,Rollenprüfstand,ja,nein,ja,nein,Rene Keller,0,ja,nein,nein,nein,ja,nein,ja,ja,gewünscht,gewünscht,gewünscht,gewünscht,gewünscht,gewünscht,gewünscht,gewünscht,gewünscht,gewünscht,gewünscht,ja,ja,ja,ja,ja,ja,ja,ja,nein,nein,nein,nein,nein,ja,nein,ja,ja,ja,nein,ja,android,ja,ja,ja,,nein,nein,nein,ja,ja,ja,ja,ja,ja,ja,ja
D_490,02 - FRA,Light,geöffnet,ehemals D_710,M+S Reifen und Autoservice GmbH,Industriestraße 70,67063,Ludwigshafen,Rheinland-Pfalz,"49,490027","8,395538",(0621),6371024,(0621),6371026,pb490@franchise.euromaster.com,Markus Schlischka,,RL_11,"Kin, Nazaret","Erdmann, Ronny",Mion,Hackbarth,Dünner,Mion,B. Vieregge / Th. Knop / V. Deselears,490A,"Mo. - Fr. 08:00 - 12:00 Uhr und 13:00 - 17:00 Uhr, Samstag geschlossen",ja,ja,ja,nein,nein,nein,nein,nein,500,30,nein,>8 Fahrzeuge pro Woche,Altgeselle,ja,V_AW4,3,490,6,1,2.8,1.2,8,nein,ja,0 MA,ja,ja,nein,nein,nein,nein,nein,nein,ja,nein,nein,ja,Stufe 1,nein,Ja,alle,nein,ja,nein,ja,ja,nein,ja,nein,Kai Bohrmann,,nein,nein,nein,ja,ja,ja,ja,ja,gewünscht,gewünscht,gewünscht,gewünscht,gewünscht,gewünscht,gewünscht,gewünscht,gewünscht,gewünscht,gewünscht,,,,,,,,,,,,,,,,,,,,,,,,ja,,ja,,,,,,,ja,ja,ja,ja
D_928,02 - FRA,Light,geöffnet,,Autohaus Uhl e.K.,Robert-Bosch-Str. 26,72160,Horb am Neckar,Baden-Württemberg,48.4621,8.71075,(07451),2508,,,pb928@franchise.euromaster.com,Maurice Uhl,,RL_12,"Willmann, Sascha","Erdmann, Ronny",Schneider,Hampel,Seiler,Morina,M.Windisch / Th. Knop / V. Deselears,928A,"Mo. - Fr. 08:00 - 17:00 Uhr, Samstag geschlossen",nein,ja,ja,,nein,nein,ja,ja,ja,,,>8 Fahrzeuge pro Woche,KFZ - Meister,ja,V_AW4,10,928,4,1,,,10,nein,Ja,,ja,,ja,,,,,,ja,,,ja,Stufe 2,ja,alle,alle,,2D,,Rollenprüfstand,ja,ja,ja,nein,Kai Bohrmann,,,,,nein,nein,nein,ja,ja,gewünscht,gewünscht,gewünscht,gewünscht,gewünscht,gewünscht,gewünscht,gewünscht,gewünscht,gewünscht,nicht gewünscht,ja,ja,ja,ja,ja,ja,ja,nein,,,,,,,,ja,ja,nein,nein,nein,android,,,ja,,nein,,,,,,,ja,ja,ja,ja
D_952,02 - FRA,Light,geöffnet,,Dengler & Crüwell KG,Auseestr. 4,83543,Rott am Inn,Bayern,"47,97916","12,13855",(08039),901200,(08039),9012029,pb952@franchise.euromaster.com,Christopher Crüwell,,RL_15,"Schleger, Michael","Erdmann, Ronny",Schneider,N.N.,Seiler,Morina,M.Windisch / Th. Knop / V. Deselears,952B,"Mo. - Fr. 08:00 - 12:00 Uhr und 13:00 - 17:00 Uhr, Samstag geschlossen",nein,ja,ja,ja,nein,nein,ja,ja,ja,ja,ja,>8 Fahrzeuge pro Woche,KFZ - Meister,ja,V_AW4,10,952,4,2,4,1.5,8,nein,ja,nein,ja,ja,ja,nein,ja,nein,nein,nein,ja,nein,ja,ja,Stufe 3,ja,alle,alle,nein,2D,nein,Rollenprüfstand,ja,ja,ja,nein,Kai Bohrmann,1,ja,ja,ja,ja,nein,nein,ja,ja,gewünscht,gewünscht,gewünscht,gewünscht,gewünscht,gewünscht,gewünscht,gewünscht,gewünscht,gewünscht,gewünscht,ja,ja,ja,ja,ja,ja,ja,ja,nein,nein,ja,nein,nein,nein,nein,ja,nein,nein,nein,ja,android,ja,ja,ja,Dexter,nein,nein,nein,ja,,,,ja,ja,ja,ja
D_138,02 - FRA,Light,geöffnet,,Peter Müller Reifendienst,Einsteinstraße 23,91074,Herzogenaurach,Bayern,"49,5730","10,8880",(09132),9522,(09132),7354712,pb138@franchise.euromaster.com,Peter Müller,,RL_13,"Ehrlinger, Steffen","Erdmann, Ronny",Schneider,N.N.,Seiler,Morina,M.Windisch / Th. Knop / V. Deselears,138C,"Mo. - Fr. 08:00 - 12:00 Uhr und 13:00 - 17:00 Uhr, Samstag geschlossen",ja,ja,ja,ja,nein,nein,ja,ja,ja,ja,nein,5-8 Fahrzeuge pro Woche,KFZ - Meister,ja,V_AW4,10,138,4,1,4,2,5,nein,ja,nein,ja,ja,ja,ja,nein,nein,nein,nein,ja,nein,nein,ja,Stufe 3,ja,alle,alle,nein,3D,ja,Plattenprüfstand,ja,ja,ja,ja,Manuel Müller,0,nein,nein,nein,ja,ja,ja,ja,ja,gewünscht,gewünscht,gewünscht,gewünscht,gewünscht,gewünscht,gewünscht,gewünscht,gewünscht,gewünscht,gewünscht,ja,ja,ja,ja,ja,ja,ja,ja,nein,nein,nein,nein,nein,nein,nein,nein,ja,nein,nein,ja,Android,ja,nein,ja,Dexter,nein,nein,nein,,,,,ja,ja,ja,ja
D_984,02 - FRA,Light,geöffnet,,SW Automobile GmbH,Irene-Kärcher-Straße 11,74423,Obersontheim,Baden-Württemberg,"49,1630","9,5670",(07973),9297711,(07973),9129902,pb984@franchise.euromaster.com,Stefan Wilhelm,,RL_13,"Ehrlinger, Steffen","Erdmann, Ronny",Mion,Burger,Seiler,Morina,M.Windisch / Th. Knop / V. Deselears,984B,"Mo-Fr. 07:00 - 16:00 Uhr, Samstag 08:00 - 12:00",nein,ja,ja,ja,nein,nein,ja,ja,ja,ja,nein,>8 Fahrzeuge pro Woche,KFZ - Meister,ja,V_AW4,10,984,5,1,4,2,50,nein,nein,nein,ja,ja,ja,nein,nein,nein,nein,nein,nein,nein,nein,ja,Stufe 2,nein,alle,alle,nein,3D,nein,Rollenprüfstand,ja,nein,ja,nein,Kai Bohrmann,0,nein,nein,nein,ja,nein,nein,ja,ja,gewünscht,gewünscht,gewünscht,gewünscht,gewünscht,gewünscht,gewünscht,gewünscht,gewünscht,gewünscht,nicht gewünscht,ja,ja,ja,ja,ja,ja,ja,ja,nein,nein,nein,nein,nein,nein,nein,ja,ja,ja,ja,ja,Android,nein,ja,ja,ja,nein,nein,nein,,nein,nein,ja,ja,ja,nein,ja
D_552,02 - FRA,Light,geöffnet,,Wiesböck GmbH,Kufsteiner Straße 98,83026,Rosenheim,Bayern,"47,84307979","12,12293474",(08031),901070,,,pb552@franchise.euromaster.com,Ingo Kaufmann,,RL_15,"Schleger, Michael","Erdmann, Ronny",Schneider,N.N.,Seiler,Morina,M.Windisch / Th. Knop / V. Deselears,552A,"Mo-Do. 08:00 - 18:00 Uhr, Freitag 08:00-17:00",nein,nein,ja,nein,nein,nein,nein,ja,ja,ja,nein,0-4 Fahrzeuge pro Woche,KFZ - Meister,nein,V_AW4,10,552,5,3,3,1.5,10,ja,ja,ja,ja,nein,nein,nein,nein,nein,nein,nein,ja,nein,nein,ja,Stufe 3,ja,alle,alle,nein,3D,ja,Rollenprüfstand,ja,ja,nein,nein,Kai Bohrmann,0,nein,nein,nein,nein,nein,nein,ja,ja,gewünscht,gewünscht,gewünscht,gewünscht,gewünscht,gewünscht,gewünscht,gewünscht,gewünscht,gewünscht,nicht gewünscht,ja,ja,ja,ja,ja,ja,ja,ja,nein,nein,nein,nein,nein,nein,nein,nein,ja,nein,nein,ja,,ja,nein,,ja,nein,nein,nein,,,,,ja,ja,ja,nein
D_989,02 - FRA,Light,geöffnet,,Medini Motors Inh. Hamsa Medini,Schmalbachstr. 10,38112,Braunschweig,Niedersachsen,"52,2975807189941","10,5133514404296",(0176),63486920,,,pb989@franchise.euromaster.com,Hamsa Medini,,RL_06,"Duvigneau, Stephan","Blank, Michael",Schneider,Kemnitz,Steinmann,Reinekirchen,B. Vieregge / Th. Knop / V. Deselears,989B,"Mo. - Fr. 09:00 - 18:00 Uhr, Samstag geschlossen",nein,nein,ja,,nein,nein,ja,ja,ja,ja,nein,5-8 Fahrzeuge pro Woche,KFZ - Meister,,V_AW4,10,989,5,4,3,1.5,10,,,nein,ja,ja,ja,nein,nein,nein,nein,nein,ja,nein,nein,ja,Stufe 2,ja,alle,alle,ja,3D,nein,Rollenprüfstand,ja,nein,ja,nein,,0,nein,nein,nein,ja,ja,nein,ja,ja,gewünscht,gewünscht,gewünscht,gewünscht,gewünscht,gewünscht,gewünscht,gewünscht,gewünscht,gewünscht,gewünscht,ja,ja,ja,ja,ja,ja,ja,ja,nein,nein,nein,nein,nein,nein,nein,ja,ja,nein,nein,ja,Android,nein,ja,nein,ja,ja,,,ja,,,ja,ja,ja,ja,ja
D_511,02 - FRA,Mixed,geöffnet,,Frachtspezialist Berthold GmbH,Muldestr.43,08056,Zwickau,Sachsen,"50,690991","12,496652",(0375),360034,(0375),282817,pb511@franchise.euromaster.com,Michael Wirth,,RL_03,"Abram, Marcus","Blank, Michael",Schneider,Scola,Woydelko,Woydelko,B. Vieregge / Th. Knop / V. Deselears,511A,"Mo. - Fr. 08:00 - 12:00 Uhr und 13:00 - 17:00 Uhr, Samstag geschlossen",nein,nein,ja,nein,nein,nein,ja,nein,500,0,ja,5-8 Fahrzeuge pro Woche,KFZ - Meister,ja,V_AW2,0,441,4,0,4,1.8,20,nein,ja,0 MA,ja,ja,ja,ja,ja,ja,ja,nein,ja,ja,ja,ja,Stufe 1,nein,Ja,alle,nein,ja,nein,ja,nein,nein,ja,nein,Manuel Müller,,ja,ja,ja,ja,ja,nein,ja,ja,gewünscht,gewünscht,gewünscht,gewünscht,gewünscht,gewünscht,gewünscht,gewünscht,gewünscht,gewünscht,gewünscht,ja,ja,ja,ja,ja,ja,ja,ja,nein,nein,ja,nein,nein,ja,nein,,ja,nein,nein,ja,,,,,,ja,,,,,,,ja,ja,ja,ja
D_516,02 - FRA,Light,geöffnet,,KFZ Service Hansen GmbH,Kreuzauer Str. 65,52355,Düren,Nordrhein-Westfalen,"50,80744171","6,489582539",(02421),57030,,,pb516@franchise.euromaster.com,Holger Hansen,,RL_09,"Bornkessel, Daniel","Erdmann, Ronny",Mion,Legermann,Dünner,Mion,B. Vieregge / Th. Knop / V. Deselears,516A,"Mo. - Do 07:00 - 17:00 Uhr, Fr 07:00-16:30Samstag geschlossen",nein,nein,ja,nein,nein,nein,ja,ja,,ja,nein,>8 Fahrzeuge pro Woche,KFZ - Meister,ja,,10,516,5,3,4,2.25,20,ja,ja,6MA,ja,ja,ja,nein,nein,nein,nein,ja,ja,nein,nein,ja,Stufe 3,ja,alle,alle,ja,3D,ja,Plattenprüfstand,ja,ja,ja,ja,Rene Keller,0,ja,nein,nein,ja,nein,nein,ja,ja,gewünscht,gewünscht,gewünscht,gewünscht,gewünscht,gewünscht,gewünscht,nicht gewünscht,nicht gewünscht,gewünscht,nicht gewünscht,ja,ja,ja,ja,ja,ja,ja,ja,nein,nein,nein,nein,nein,nein,nein,ja,ja,ja,nein,ja,Android,ja,ja,,ja,nein,,,ja,ja,ja,ja,ja,ja,ja,ja
D_726-02,02 - FRA,Light,geöffnet,,AMS Reese GmbH,Bukarester Straße 1a,93055,Regensburg,Bayern,"49,01478337","12,14587877",(0941),7806130,,,pb726-02@franchise.euromaster.com,Josef Gottmeier,,RL_15,"Schleger, Michael","Erdmann, Ronny",Schneider,Geier,Seiler,Morina,M.Windisch / Th. Knop / V. Deselears,726B,"Mo. - Fr. 08:00 - 12:00 Uhr und 13:00 - 17:00 Uhr, Samstag geschlossen",nein,ja,ja,nein,nein,nein,ja,ja,ja,ja,nein,5-8 Fahrzeuge pro Woche,KFZ - Meister,ja,V_AW4,3,726-02,5,2,4,2,50,Nein,Ja,Ja,ja,ja,ja,nein,nein,nein,nein,nein,ja,nein,nein,ja,Stufe 3,nein,alle,alle,ja,3D,ja,Rollenprüfstand,ja,ja,ja,nein,Kai- Uwe Bohrmann,0,nein,nein,nein,ja,ja,ja,ja,ja,gewünscht,gewünscht,gewünscht,gewünscht,gewünscht,gewünscht,gewünscht,gewünscht,gewünscht,gewünscht,nicht gewünscht,ja,ja,ja,ja,ja,ja,ja,ja,nein,nein,nein,nein,nein,nein,nein,ja,ja,nein,nein,ja, Android ,nein,ja,ja,Dexter,nein,ja,ja,ja,ja,ja,ja,ja,ja,ja,ja
D_181,02 - FRA,Mixed,geöffnet,,Klaus Geier KFZ Meisterbetrieb,Dreiburgenstraße 4,94154,Neukirchen vorm Wald,Bayern,"48,5900","13,6270",(08504),922390,,,pb181@franchise.euromaster.com,Konrad Geier,,RL_15,"Schleger, Michael","Erdmann, Ronny",Schneider,Geier,,,M.Windisch / Th. Knop / V. Deselears,181A,"Mo. - Fr. 07:30- 12:00 Uhr und 13:00 - 16:30 Uhr, Samstag geschlossen",nein,ja,ja,nein,nein,nein,ja,ja,ja,ja,ja,0-4 Fahrzeuge pro Woche,KFZ - Meister,ja,,5,181,4,3,4.5,2,50,Ja,Ja,Nein,ja,ja,ja,ja,ja,ja,ja,nein,ja,nein,ja,ja,Stufe 3,ja,alle,alle,nein,3D,ja,Rollenprüfstand,ja,ja,ja,nein,Kai- Uwe Bohrmann,1,nein,ja,ja,ja,nein,nein,ja,ja,gewünscht,gewünscht,gewünscht,gewünscht,gewünscht,gewünscht,gewünscht,gewünscht,gewünscht,gewünscht,gewünscht,ja,ja,ja,ja,ja,ja,ja,ja,ja,ja,ja,ja,ja,ja,nein,ja,ja,nein,nein,ja,Android,ja,ja,nein,ja,nein,nein,nein,,ja,ja,ja,ja,ja,ja,ja
D_162-01,02 - FRA,Light,geöffnet,,KFZ-Technik Schuhmann GmbH,Am Kebigsgraben 9,97616,Salz bei Bad Neustadt,Bayern,50.31833679,9.807740698,(09741),9385471,,,pb162-01@franchise.euromaster.com,,,RL_05,"Seibel, Alexander","Blank, Michael",Schneider,N.N.,,,M.Windisch / Th. Knop / V. Deselears,162C,Mo. - Do 07:45 - 12:00 Uhr und 13:00 - 17:15 Uhr,nein,ja,ja,ja,nein,nein,ja,ja,ja,ja,nein,0-4 Fahrzeuge pro Woche,KFZ - Meister,ja,,3,162-01,5,5,1,3,30,ja,ja,nein,ja,ja,ja,nein,nein,nein,nein,nein,nein,nein,nein,ja,Stufe 2,ja,alle,alle,ja,3D,ja,Plattenprüfstand,ja,ja,ja,ja,,2,ja,nein,nein,ja,nein,nein,ja,ja,gewünscht,gewünscht,gewünscht,gewünscht,gewünscht,gewünscht,gewünscht,gewünscht,gewünscht,gewünscht,gewünscht,ja,ja,ja,ja,ja,ja,ja,ja,nein,nein,nein,nein,nein,nein,nein,ja,ja,ja,nein,nein,Anroid,ja,ja,nein,ja,nein,ja,ja,ja,ja,ja,ja,ja,ja,ja,ja
D_162-02,02 - FRA,Light,geöffnet,,KFZ-Technik Schuhmann GmbH,Römershager Straße 11,97769,Bad Brückenau,Bayern,50.29898027,10.19256971,(09771),6882888,,,pb162-02@franchise.euromaster.com,,,RL_05,"Seibel, Alexander","Blank, Michael",Schneider,N.N.,,,M.Windisch / Th. Knop / V. Deselears,162D,Mo. - Do 07:30 - 12:00 Uhr und 13:00 - 17:30 Uhr,nein,ja,ja,ja,nein,nein,ja,ja,ja,ja,ja,0-4 Fahrzeuge pro Woche,KFZ - Meister,ja,,5,162-02,5,5,4,7,30,ja,ja,ja,ja,ja,ja,nein,ja,,,,ja,ja,ja,ja,Stufe 2,ja,alle,alle,ja,3D,ja,Plattenprüfstand,ja,ja,ja,nein,,6,ja,ja,ja,ja,nein,nein,ja,ja,gewünscht,gewünscht,gewünscht,gewünscht,gewünscht,gewünscht,gewünscht,gewünscht,gewünscht,gewünscht,gewünscht,ja,ja,ja,ja,ja,ja,ja,ja,ja,ja,ja,ja,nein,ja,ja,ja,ja,ja,nein,nein,Anroid,,,nein,,nein,,,,,,,ja,ja,ja,ja
D_209,02 - FRA,Light,geöffnet,,PROK-RÄDER GMBH,Nürnberger Str. 28,92358,Seubersdorf,Bayern,"49,16976","11,62315",(09497),941122,,,pb209@franchise.euromaster.com,Peter Rester,,RL_15,"Schleger, Michael","Erdmann, Ronny",,,,,M.Windisch / Th. Knop / V. Deselears,209A,"Mo. - Fr. 09:00 - 17:00 Uhr, Samstag geschlossen",nein,ja,ja,nein,nein,nein,ja,nein,ja,ja,nein,0-4 Fahrzeuge pro Woche,KFZ - Meister,ja,,3,,2,1,3,0.5,12,nein,ja,nein,ja,ja,ja,ja,nein,nein,nein,nein,ja,nein,nein,ja,nein,nein,nein,nein,nein,nein,nein,nein,nein,nein,ja,nein,Kai- Uwe Bohrmann,1,nein,nein,nein,ja,nein,nein,ja,ja,gewünscht,gewünscht,gewünscht,gewünscht,gewünscht,gewünscht,gewünscht,gewünscht,gewünscht,gewünscht,gewünscht,ja,ja,ja,ja,ja,ja,ja,ja,nein,nein,nein,nein,nein,nein,nein,ja,ja,nein,nein,ja,Android,ja,ja,nein,ja,nein,,,,nein,nein,ja,ja,ja,ja,ja
D_623,02 - FRA,Light,geöffnet,,A.R. Fahrzeugtechnik,Wielenbachstraße 11,86956,Schongau,Bayern,"47,8127445018584","10,9247081828428",(08861),2563250,,,pb623@franchise.euromaster.com,Alexander Rill,,RL_14,"Vogler, Daniel","Erdmann, Ronny",,,,,M.Windisch / Th. Knop / V. Deselears,623A,"Mo. - Do 08:00 - 12:00 Uhr und 13:00 - 17:00 Uhr, Fr 08:00 - 15:00, Samstag geschlossen",nein,nein,,,nein,nein,,,,,,,,,,,,,,,,,,,,ja,,,,,,,,,,,ja,,,,,,,,,,,ja,nein,,,,,,ja,nein,nein,,,gewünscht,gewünscht,gewünscht,gewünscht,gewünscht,gewünscht,gewünscht,gewünscht,gewünscht,gewünscht,gewünscht,,,,,,,,,,,,,,,,,,,,,,,,nein,,nein,,,,,,,ja,ja,ja,ja
D_166-01,02 - FRA,Light,geöffnet,,AWK GmbH Autowerkstatt Kienberger,Laub 44,97357,Prichsenstadt,Bayern,"49,8245975724517","10,3167158270876",(09383),2688,,,pb166-01@franchise.euromaster.com,Christian Sauer,,RL_05,"Seibel, Alexander","Blank, Michael",,,,,M.Windisch / Th. Knop / V. Deselears,166C,"Mo. - Fr. 08:00 - 12:00 Uhr und 13:00 - 17:00 Uhr, Samstag geschlossen",nein,ja,ja,ja,nein,nein,ja,ja,ja,ja,nein,0-4 Fahrzeuge pro Woche,KFZ - Meister,ja,V_AW3,5,166-01,5,5,5,max,10,ja,ja,ja,ja,ja,ja,nein,nein,nein,nein,nein,nein,nein,nein,ja,Stufe 2,ja,alle,alle,ja,3D,ja,Rollenprüfstand,ja,ja,nein,ja,,3,ja,nein,nein,ja,nein,nein,ja,ja,gewünscht,gewünscht,gewünscht,gewünscht,gewünscht,gewünscht,gewünscht,gewünscht,gewünscht,gewünscht,gewünscht,ja,ja,ja,ja,ja,ja,ja,ja,nein,nein,nein,nein,nein,nein,nein,ja,ja,ja,nein,nein,Anroid,,,nein,,nein,ja,ja,ja,ja,ja,ja,ja,ja,ja,ja
D_166-02,02 - FRA,Light,geöffnet,,AWK GmbH Autowerkstatt Kienberger,Rügshöfer Straße 28,97447,Gerolzhofen,Bayern,"49,9031719073312","10,3501318694171",(09382),3189955,,,pb166-02@franchise.euromaster.com,Dominik Bahn,,RL_05,"Seibel, Alexander","Blank, Michael",,,,,M.Windisch / Th. Knop / V. Deselears,166D,"Mo. - Fr. 08:00 - 12:00 Uhr und 13:00 - 17:00 Uhr, Samstag geschlossen",nein,ja,ja,ja,nein,nein,ja,ja,ja,ja,nein,0-4 Fahrzeuge pro Woche,KFZ - Meister,ja,,3,166-02,5,5,1,3,15,ja,ja,ja,ja,ja,ja,nein,nein,nein,nein,nein,nein,nein,nein,ja,Stufe 3,ja,alle,alle,ja,3D,ja,Rollenprüfstand,ja,ja,ja,nein,,4,ja,nein,nein,ja,nein,nein,ja,ja,gewünscht,gewünscht,gewünscht,gewünscht,gewünscht,gewünscht,gewünscht,gewünscht,gewünscht,gewünscht,gewünscht,ja,ja,ja,ja,ja,ja,ja,ja,nein,nein,nein,nein,nein,nein,nein,ja,ja,ja,nein,nein,Anroid,,,nein,,nein,,,,,,,ja,ja,ja,ja
D_675,02 - FRA,Light,"geöffnet, voerst nur Autoglas",,Auto Louis,Leibnitzstr. 16,73230,Kirchheim unter Teck,Baden-Württemberg,"48,65072","9,43263",(0173),1504760,,,pb675@franchise.euromaster.com,Louis El Hourani,,RL_12,"Willmann, Sascha","Erdmann, Ronny",,,,,M.Windisch / Th. Knop / V. Deselears,675A,"Mo. - Fr. 08:30 - 18:30 Uhr, Samstag 09:30 - 14:30 Uhr",nein,nein,nein,nein,nein,nein,ja,ja,nein,nein,nein,Keine Kapazität,KFZ - Meister,nein,,,,3,0,,,4,Nein,JA,Nein,nein,nein,nein,nein,nein,nein,nein,nein,nein,nein,nein,ja,Stufe 2,nein,alle,alle,nein,nein,,,,,ja,ja,Kai Bohrmann,0,nein,nein,nein,nein,nein,nein,nicht gewünscht,nicht gewünscht,nicht gewünscht,nicht gewünscht,nicht gewünscht,nicht gewünscht,nicht gewünscht,nicht gewünscht,nicht gewünscht,nicht gewünscht,nicht gewünscht,nicht gewünscht,nicht gewünscht,,,,,,,nein,nein,nein,nein,nein,nein,nein,ja,nein,ja,nein,nein,nein,nein,Android,nein,nein,nein,ja,nein,nein,nein,nein,ja,ja,ja,nein,nein,nein,ja
D_507-01,02 - FRA,Light,geöffnet,,Autohaus Wessels Wittmund GmbH,Bürgermeister-Schoon-Str. 1,26409,Wittmund,Niedersachsen,"53,56881332","7,78484964",(04462),880420,,,pb507-01@franchise.euromaster.com,Lars Osmers,,RL_02,"Nüßler, Martin","Blank, Michael",,,,,,507A,"Mo. - Fr. 08:00 - 13:00 Uhr und 14:00 - 18:00 Uhr, Samstag 09:00 - 13:00",nein,nein,,,nein,nein,,,,,,,,,,,,,,,,,,,,,,,,,,,,,,,,,,,,,,,,,,nein,nein,,,,,,ja,nein,nein,,,gewünscht,gewünscht,gewünscht,gewünscht,gewünscht,gewünscht,gewünscht,gewünscht,gewünscht,gewünscht,gewünscht,,,,,,,,,,,,,,,,,,,,,,,,nein,,nein,,,ja,ja,ja,ja,ja,ja,ja,nein
D_507-02,02 - FRA,Light,geöffnet,,Autohaus Wessels Wittmund GmbH,Industriestr. 2,26409,Wittmund,Niedersachsen,"53,58447647","7,77313613",(04462),880420,,,pb507-02@franchise.euromaster.com,Lars Osmers,,RL_02,"Nüßler, Martin","Blank, Michael",,,,,,507B,"Mo. - Fr. 08:00 - 13:00 Uhr und 14:00 - 18:00 Uhr, Samstag 09:00 - 13:00",nein,ja,,,nein,nein,,,,,,,,,,,,,,,,,,,,,,,,,,,,,,,,,,,,,,,,,,nein,nein,,,,,,nein,nein,nein,,,gewünscht,gewünscht,gewünscht,gewünscht,gewünscht,gewünscht,gewünscht,gewünscht,gewünscht,gewünscht,gewünscht,,,,,,,,,,,,,,,,,,,,,,,,nein,,nein,,,ja,ja,ja,ja,ja,ja,ja,nein